scene_name,step,psnr,ssim,lpips,envmap_name
modern_coffee_table_01_env_2,0,20.838596,0.901495,0.068848,modern_coffee_table_01_env_0
modern_coffee_table_01_env_2,1,20.838596,0.901495,0.068848,modern_coffee_table_01_env_0
modern_coffee_table_01_env_2,2,20.838596,0.901495,0.068848,modern_coffee_table_01_env_0
modern_coffee_table_01_env_2,3,20.471060,0.897173,0.070312,modern_coffee_table_01_env_0
modern_coffee_table_01_env_2,4,20.838596,0.901495,0.068848,modern_coffee_table_01_env_0
modern_coffee_table_01_env_2,5,20.838596,0.901495,0.068848,modern_coffee_table_01_env_0
modern_coffee_table_01_env_2,6,20.838596,0.901495,0.068848,modern_coffee_table_01_env_0
modern_coffee_table_01_env_2,7,20.838596,0.901495,0.068848,modern_coffee_table_01_env_0
modern_coffee_table_01_env_2,8,20.838596,0.901495,0.068848,modern_coffee_table_01_env_0
modern_coffee_table_01_env_2,9,17.881931,0.852177,0.096680,modern_coffee_table_01_env_0
modern_coffee_table_01_env_2,10,17.287264,0.838442,0.105469,modern_coffee_table_01_env_0
modern_coffee_table_01_env_2,11,17.881931,0.852177,0.096680,modern_coffee_table_01_env_0
modern_coffee_table_01_env_2,12,17.881931,0.852177,0.096680,modern_coffee_table_01_env_0
modern_coffee_table_01_env_2,13,17.881931,0.852177,0.096680,modern_coffee_table_01_env_0
modern_coffee_table_01_env_2,14,16.744749,0.827423,0.112305,modern_coffee_table_01_env_0
modern_coffee_table_01_env_2,15,12.885807,0.738523,0.182617,modern_coffee_table_01_env_0
modern_coffee_table_01_env_2,16,12.885807,0.738523,0.182617,modern_coffee_table_01_env_0
modern_coffee_table_01_env_2,17,12.481325,0.729557,0.203125,modern_coffee_table_01_env_0
modern_coffee_table_01_env_2,18,11.743988,0.726646,0.237305,modern_coffee_table_01_env_0
modern_coffee_table_01_env_2,19,11.743988,0.726646,0.237305,modern_coffee_table_01_env_0
modern_coffee_table_01_env_2,0,12.118260,0.730499,0.228516,modern_coffee_table_01_env_1
modern_coffee_table_01_env_2,1,12.117348,0.730949,0.230469,modern_coffee_table_01_env_1
modern_coffee_table_01_env_2,2,12.118260,0.730499,0.228516,modern_coffee_table_01_env_1
modern_coffee_table_01_env_2,3,12.118260,0.730499,0.228516,modern_coffee_table_01_env_1
modern_coffee_table_01_env_2,4,12.118274,0.731610,0.231445,modern_coffee_table_01_env_1
modern_coffee_table_01_env_2,5,12.118260,0.730499,0.228516,modern_coffee_table_01_env_1
modern_coffee_table_01_env_2,6,12.118260,0.730499,0.228516,modern_coffee_table_01_env_1
modern_coffee_table_01_env_2,7,12.122137,0.732484,0.234375,modern_coffee_table_01_env_1
modern_coffee_table_01_env_2,8,12.118260,0.730499,0.228516,modern_coffee_table_01_env_1
modern_coffee_table_01_env_2,9,12.118260,0.730499,0.228516,modern_coffee_table_01_env_1
modern_coffee_table_01_env_2,10,12.118260,0.730499,0.228516,modern_coffee_table_01_env_1
modern_coffee_table_01_env_2,11,12.118260,0.730499,0.228516,modern_coffee_table_01_env_1
modern_coffee_table_01_env_2,12,12.118260,0.730499,0.228516,modern_coffee_table_01_env_1
modern_coffee_table_01_env_2,13,12.142138,0.734955,0.239258,modern_coffee_table_01_env_1
modern_coffee_table_01_env_2,14,12.118260,0.730499,0.228516,modern_coffee_table_01_env_1
modern_coffee_table_01_env_2,15,12.153172,0.736141,0.240234,modern_coffee_table_01_env_1
modern_coffee_table_01_env_2,16,12.176343,0.739447,0.253906,modern_coffee_table_01_env_1
modern_coffee_table_01_env_2,17,12.176287,0.740056,0.267578,modern_coffee_table_01_env_1
modern_coffee_table_01_env_2,18,12.184198,0.738666,0.281250,modern_coffee_table_01_env_1
modern_coffee_table_01_env_2,19,12.118260,0.730499,0.228516,modern_coffee_table_01_env_1
modern_coffee_table_01_env_2,0,12.560310,0.755463,0.213867,modern_coffee_table_01_white_env_0
modern_coffee_table_01_env_2,1,12.560310,0.755463,0.213867,modern_coffee_table_01_white_env_0
modern_coffee_table_01_env_2,2,12.560310,0.755463,0.213867,modern_coffee_table_01_white_env_0
modern_coffee_table_01_env_2,3,12.560310,0.755463,0.213867,modern_coffee_table_01_white_env_0
modern_coffee_table_01_env_2,4,12.560310,0.755463,0.213867,modern_coffee_table_01_white_env_0
modern_coffee_table_01_env_2,5,12.560310,0.755463,0.213867,modern_coffee_table_01_white_env_0
modern_coffee_table_01_env_2,6,12.870737,0.762492,0.214844,modern_coffee_table_01_white_env_0
modern_coffee_table_01_env_2,7,12.560310,0.755463,0.213867,modern_coffee_table_01_white_env_0
modern_coffee_table_01_env_2,8,12.985308,0.765013,0.216797,modern_coffee_table_01_white_env_0
modern_coffee_table_01_env_2,9,12.560310,0.755463,0.213867,modern_coffee_table_01_white_env_0
modern_coffee_table_01_env_2,10,13.119877,0.767692,0.217773,modern_coffee_table_01_white_env_0
modern_coffee_table_01_env_2,11,12.560310,0.755463,0.213867,modern_coffee_table_01_white_env_0
modern_coffee_table_01_env_2,12,12.560310,0.755463,0.213867,modern_coffee_table_01_white_env_0
modern_coffee_table_01_env_2,13,12.560310,0.755463,0.213867,modern_coffee_table_01_white_env_0
modern_coffee_table_01_env_2,14,13.413968,0.773496,0.221680,modern_coffee_table_01_white_env_0
modern_coffee_table_01_env_2,15,12.560310,0.755463,0.213867,modern_coffee_table_01_white_env_0
modern_coffee_table_01_env_2,16,12.560310,0.755463,0.213867,modern_coffee_table_01_white_env_0
modern_coffee_table_01_env_2,17,13.619093,0.777230,0.224609,modern_coffee_table_01_white_env_0
modern_coffee_table_01_env_2,18,12.560310,0.755463,0.213867,modern_coffee_table_01_white_env_0
modern_coffee_table_01_env_2,19,14.749199,0.791814,0.238281,modern_coffee_table_01_white_env_0
wooden_spoon_env_1,0,25.242466,0.969871,0.026611,wooden_spoon_env_0
wooden_spoon_env_1,1,25.242466,0.969871,0.026611,wooden_spoon_env_0
wooden_spoon_env_1,2,25.242466,0.969871,0.026611,wooden_spoon_env_0
wooden_spoon_env_1,3,25.242466,0.969871,0.026611,wooden_spoon_env_0
wooden_spoon_env_1,4,25.242466,0.969871,0.026611,wooden_spoon_env_0
wooden_spoon_env_1,5,24.907717,0.968804,0.026978,wooden_spoon_env_0
wooden_spoon_env_1,6,25.242466,0.969871,0.026611,wooden_spoon_env_0
wooden_spoon_env_1,7,25.242466,0.969871,0.026611,wooden_spoon_env_0
wooden_spoon_env_1,8,24.726997,0.968238,0.026978,wooden_spoon_env_0
wooden_spoon_env_1,9,25.242466,0.969871,0.026611,wooden_spoon_env_0
wooden_spoon_env_1,10,25.242466,0.969871,0.026611,wooden_spoon_env_0
wooden_spoon_env_1,11,25.242466,0.969871,0.026611,wooden_spoon_env_0
wooden_spoon_env_1,12,24.502174,0.967484,0.027344,wooden_spoon_env_0
wooden_spoon_env_1,13,25.242466,0.969871,0.026611,wooden_spoon_env_0
wooden_spoon_env_1,14,25.242466,0.969871,0.026611,wooden_spoon_env_0
wooden_spoon_env_1,15,24.363485,0.967052,0.027344,wooden_spoon_env_0
wooden_spoon_env_1,16,24.025837,0.965936,0.028076,wooden_spoon_env_0
wooden_spoon_env_1,17,23.820988,0.965243,0.028442,wooden_spoon_env_0
wooden_spoon_env_1,18,23.661144,0.964670,0.029053,wooden_spoon_env_0
wooden_spoon_env_1,19,25.242466,0.969871,0.026611,wooden_spoon_env_0
wooden_spoon_env_1,0,37.795761,0.995530,0.004700,wooden_spoon_env_2
wooden_spoon_env_1,1,37.795761,0.995530,0.004700,wooden_spoon_env_2
wooden_spoon_env_1,2,37.795761,0.995530,0.004700,wooden_spoon_env_2
wooden_spoon_env_1,3,37.795761,0.995530,0.004700,wooden_spoon_env_2
wooden_spoon_env_1,4,38.029434,0.995318,0.004883,wooden_spoon_env_2
wooden_spoon_env_1,5,37.795761,0.995530,0.004700,wooden_spoon_env_2
wooden_spoon_env_1,6,36.047153,0.993756,0.006470,wooden_spoon_env_2
wooden_spoon_env_1,7,36.047153,0.993756,0.006470,wooden_spoon_env_2
wooden_spoon_env_1,8,36.047153,0.993756,0.006470,wooden_spoon_env_2
wooden_spoon_env_1,9,30.542028,0.982873,0.012573,wooden_spoon_env_2
wooden_spoon_env_1,10,30.542028,0.982873,0.012573,wooden_spoon_env_2
wooden_spoon_env_1,11,26.540781,0.969511,0.018555,wooden_spoon_env_2
wooden_spoon_env_1,12,30.542028,0.982873,0.012573,wooden_spoon_env_2
wooden_spoon_env_1,13,26.150236,0.967381,0.019897,wooden_spoon_env_2
wooden_spoon_env_1,14,25.147705,0.961825,0.024170,wooden_spoon_env_2
wooden_spoon_env_1,15,22.990719,0.945681,0.043213,wooden_spoon_env_2
wooden_spoon_env_1,16,22.880362,0.945958,0.050781,wooden_spoon_env_2
wooden_spoon_env_1,17,21.832047,0.938956,0.068359,wooden_spoon_env_2
wooden_spoon_env_1,18,21.433037,0.937714,0.080078,wooden_spoon_env_2
wooden_spoon_env_1,19,20.968594,0.936731,0.088867,wooden_spoon_env_2
wooden_spoon_env_1,0,20.703529,0.938278,0.071289,wooden_spoon_white_env_0
wooden_spoon_env_1,1,20.703529,0.938278,0.071289,wooden_spoon_white_env_0
wooden_spoon_env_1,2,20.703529,0.938278,0.071289,wooden_spoon_white_env_0
wooden_spoon_env_1,3,20.703529,0.938278,0.071289,wooden_spoon_white_env_0
wooden_spoon_env_1,4,20.703529,0.938278,0.071289,wooden_spoon_white_env_0
wooden_spoon_env_1,5,20.703529,0.938278,0.071289,wooden_spoon_white_env_0
wooden_spoon_env_1,6,20.703529,0.938278,0.071289,wooden_spoon_white_env_0
wooden_spoon_env_1,7,20.521610,0.938461,0.072754,wooden_spoon_white_env_0
wooden_spoon_env_1,8,20.703529,0.938278,0.071289,wooden_spoon_white_env_0
wooden_spoon_env_1,9,20.703529,0.938278,0.071289,wooden_spoon_white_env_0
wooden_spoon_env_1,10,20.114321,0.940020,0.079590,wooden_spoon_white_env_0
wooden_spoon_env_1,11,20.008636,0.941250,0.082031,wooden_spoon_white_env_0
wooden_spoon_env_1,12,20.114321,0.940020,0.079590,wooden_spoon_white_env_0
wooden_spoon_env_1,13,20.114321,0.940020,0.079590,wooden_spoon_white_env_0
wooden_spoon_env_1,14,20.114321,0.940020,0.079590,wooden_spoon_white_env_0
wooden_spoon_env_1,15,20.114321,0.940020,0.079590,wooden_spoon_white_env_0
wooden_spoon_env_1,16,20.114321,0.940020,0.079590,wooden_spoon_white_env_0
wooden_spoon_env_1,17,19.904892,0.941197,0.083984,wooden_spoon_white_env_0
wooden_spoon_env_1,18,20.114321,0.940020,0.079590,wooden_spoon_white_env_0
wooden_spoon_env_1,19,19.685978,0.940404,0.091309,wooden_spoon_white_env_0
gate_latch_01_env_1,0,31.780975,0.986372,0.010620,gate_latch_01_env_0
gate_latch_01_env_1,1,31.780975,0.986372,0.010620,gate_latch_01_env_0
gate_latch_01_env_1,2,31.780975,0.986372,0.010620,gate_latch_01_env_0
gate_latch_01_env_1,3,31.780975,0.986372,0.010620,gate_latch_01_env_0
gate_latch_01_env_1,4,31.780975,0.986372,0.010620,gate_latch_01_env_0
gate_latch_01_env_1,5,31.362831,0.985960,0.010864,gate_latch_01_env_0
gate_latch_01_env_1,6,31.780975,0.986372,0.010620,gate_latch_01_env_0
gate_latch_01_env_1,7,31.780975,0.986372,0.010620,gate_latch_01_env_0
gate_latch_01_env_1,8,31.780975,0.986372,0.010620,gate_latch_01_env_0
gate_latch_01_env_1,9,31.780975,0.986372,0.010620,gate_latch_01_env_0
gate_latch_01_env_1,10,31.780975,0.986372,0.010620,gate_latch_01_env_0
gate_latch_01_env_1,11,30.994114,0.985476,0.011230,gate_latch_01_env_0
gate_latch_01_env_1,12,30.833460,0.985202,0.011414,gate_latch_01_env_0
gate_latch_01_env_1,13,30.629801,0.984884,0.011597,gate_latch_01_env_0
gate_latch_01_env_1,14,30.561649,0.984729,0.011719,gate_latch_01_env_0
gate_latch_01_env_1,15,29.321199,0.980680,0.014526,gate_latch_01_env_0
gate_latch_01_env_1,16,22.971382,0.929994,0.037598,gate_latch_01_env_0
gate_latch_01_env_1,17,18.195538,0.881705,0.078613,gate_latch_01_env_0
gate_latch_01_env_1,18,18.195538,0.881705,0.078613,gate_latch_01_env_0
gate_latch_01_env_1,19,15.885581,0.860493,0.114746,gate_latch_01_env_0
gate_latch_01_env_1,0,16.385372,0.865402,0.109375,gate_latch_01_env_2
gate_latch_01_env_1,1,16.385372,0.865402,0.109375,gate_latch_01_env_2
gate_latch_01_env_1,2,16.385372,0.865402,0.109375,gate_latch_01_env_2
gate_latch_01_env_1,3,16.385372,0.865402,0.109375,gate_latch_01_env_2
gate_latch_01_env_1,4,16.176628,0.862980,0.112305,gate_latch_01_env_2
gate_latch_01_env_1,5,16.385372,0.865402,0.109375,gate_latch_01_env_2
gate_latch_01_env_1,6,16.385372,0.865402,0.109375,gate_latch_01_env_2
gate_latch_01_env_1,7,16.031660,0.861540,0.114258,gate_latch_01_env_2
gate_latch_01_env_1,8,16.385372,0.865402,0.109375,gate_latch_01_env_2
gate_latch_01_env_1,9,16.385372,0.865402,0.109375,gate_latch_01_env_2
gate_latch_01_env_1,10,16.385372,0.865402,0.109375,gate_latch_01_env_2
gate_latch_01_env_1,11,15.849939,0.860149,0.117188,gate_latch_01_env_2
gate_latch_01_env_1,12,16.385372,0.865402,0.109375,gate_latch_01_env_2
gate_latch_01_env_1,13,15.751051,0.859393,0.118164,gate_latch_01_env_2
gate_latch_01_env_1,14,15.501929,0.855980,0.123047,gate_latch_01_env_2
gate_latch_01_env_1,15,15.376063,0.854059,0.125000,gate_latch_01_env_2
gate_latch_01_env_1,16,14.804726,0.844788,0.144531,gate_latch_01_env_2
gate_latch_01_env_1,17,14.715038,0.841924,0.158203,gate_latch_01_env_2
gate_latch_01_env_1,18,14.463379,0.831877,0.185547,gate_latch_01_env_2
gate_latch_01_env_1,19,14.464151,0.831467,0.199219,gate_latch_01_env_2
gate_latch_01_env_1,0,16.972076,0.846466,0.183594,gate_latch_01_white_env_0
gate_latch_01_env_1,1,16.972076,0.846466,0.183594,gate_latch_01_white_env_0
gate_latch_01_env_1,2,16.972076,0.846466,0.183594,gate_latch_01_white_env_0
gate_latch_01_env_1,3,16.972076,0.846466,0.183594,gate_latch_01_white_env_0
gate_latch_01_env_1,4,16.972076,0.846466,0.183594,gate_latch_01_white_env_0
gate_latch_01_env_1,5,17.108387,0.848043,0.184570,gate_latch_01_white_env_0
gate_latch_01_env_1,6,16.972076,0.846466,0.183594,gate_latch_01_white_env_0
gate_latch_01_env_1,7,16.972076,0.846466,0.183594,gate_latch_01_white_env_0
gate_latch_01_env_1,8,17.207607,0.849230,0.183594,gate_latch_01_white_env_0
gate_latch_01_env_1,9,16.972076,0.846466,0.183594,gate_latch_01_white_env_0
gate_latch_01_env_1,10,17.270672,0.850167,0.185547,gate_latch_01_white_env_0
gate_latch_01_env_1,11,16.972076,0.846466,0.183594,gate_latch_01_white_env_0
gate_latch_01_env_1,12,16.972076,0.846466,0.183594,gate_latch_01_white_env_0
gate_latch_01_env_1,13,16.972076,0.846466,0.183594,gate_latch_01_white_env_0
gate_latch_01_env_1,14,16.972076,0.846466,0.183594,gate_latch_01_white_env_0
gate_latch_01_env_1,15,16.972076,0.846466,0.183594,gate_latch_01_white_env_0
gate_latch_01_env_1,16,17.407738,0.851433,0.187500,gate_latch_01_white_env_0
gate_latch_01_env_1,17,17.643129,0.852938,0.193359,gate_latch_01_white_env_0
gate_latch_01_env_1,18,17.699409,0.851997,0.199219,gate_latch_01_white_env_0
gate_latch_01_env_1,19,16.972076,0.846466,0.183594,gate_latch_01_white_env_0
vintage_grandfather_clock_01_env_0,0,30.558008,0.968313,0.023560,vintage_grandfather_clock_01_env_1
vintage_grandfather_clock_01_env_0,1,30.558008,0.968313,0.023560,vintage_grandfather_clock_01_env_1
vintage_grandfather_clock_01_env_0,2,30.558008,0.968313,0.023560,vintage_grandfather_clock_01_env_1
vintage_grandfather_clock_01_env_0,3,30.558008,0.968313,0.023560,vintage_grandfather_clock_01_env_1
vintage_grandfather_clock_01_env_0,4,30.558008,0.968313,0.023560,vintage_grandfather_clock_01_env_1
vintage_grandfather_clock_01_env_0,5,30.558008,0.968313,0.023560,vintage_grandfather_clock_01_env_1
vintage_grandfather_clock_01_env_0,6,29.822178,0.966466,0.024170,vintage_grandfather_clock_01_env_1
vintage_grandfather_clock_01_env_0,7,30.558008,0.968313,0.023560,vintage_grandfather_clock_01_env_1
vintage_grandfather_clock_01_env_0,8,30.558008,0.968313,0.023560,vintage_grandfather_clock_01_env_1
vintage_grandfather_clock_01_env_0,9,30.558008,0.968313,0.023560,vintage_grandfather_clock_01_env_1
vintage_grandfather_clock_01_env_0,10,30.558008,0.968313,0.023560,vintage_grandfather_clock_01_env_1
vintage_grandfather_clock_01_env_0,11,29.238943,0.964840,0.024536,vintage_grandfather_clock_01_env_1
vintage_grandfather_clock_01_env_0,12,26.603100,0.956183,0.027710,vintage_grandfather_clock_01_env_1
vintage_grandfather_clock_01_env_0,13,26.603100,0.956183,0.027710,vintage_grandfather_clock_01_env_1
vintage_grandfather_clock_01_env_0,14,22.302036,0.919488,0.046143,vintage_grandfather_clock_01_env_1
vintage_grandfather_clock_01_env_0,15,16.912613,0.855161,0.097168,vintage_grandfather_clock_01_env_1
vintage_grandfather_clock_01_env_0,16,15.662928,0.841938,0.121094,vintage_grandfather_clock_01_env_1
vintage_grandfather_clock_01_env_0,17,16.912613,0.855161,0.097168,vintage_grandfather_clock_01_env_1
vintage_grandfather_clock_01_env_0,18,15.515656,0.840509,0.124023,vintage_grandfather_clock_01_env_1
vintage_grandfather_clock_01_env_0,19,15.013131,0.835194,0.136719,vintage_grandfather_clock_01_env_1
vintage_grandfather_clock_01_env_0,0,17.177063,0.867640,0.087891,vintage_grandfather_clock_01_env_2
vintage_grandfather_clock_01_env_0,1,17.177063,0.867640,0.087891,vintage_grandfather_clock_01_env_2
vintage_grandfather_clock_01_env_0,2,17.177063,0.867640,0.087891,vintage_grandfather_clock_01_env_2
vintage_grandfather_clock_01_env_0,3,17.177063,0.867640,0.087891,vintage_grandfather_clock_01_env_2
vintage_grandfather_clock_01_env_0,4,17.177063,0.867640,0.087891,vintage_grandfather_clock_01_env_2
vintage_grandfather_clock_01_env_0,5,17.177063,0.867640,0.087891,vintage_grandfather_clock_01_env_2
vintage_grandfather_clock_01_env_0,6,17.177063,0.867640,0.087891,vintage_grandfather_clock_01_env_2
vintage_grandfather_clock_01_env_0,7,15.444386,0.850822,0.118164,vintage_grandfather_clock_01_env_2
vintage_grandfather_clock_01_env_0,8,15.444386,0.850822,0.118164,vintage_grandfather_clock_01_env_2
vintage_grandfather_clock_01_env_0,9,15.444386,0.850822,0.118164,vintage_grandfather_clock_01_env_2
vintage_grandfather_clock_01_env_0,10,15.444386,0.850822,0.118164,vintage_grandfather_clock_01_env_2
vintage_grandfather_clock_01_env_0,11,15.444386,0.850822,0.118164,vintage_grandfather_clock_01_env_2
vintage_grandfather_clock_01_env_0,12,15.444386,0.850822,0.118164,vintage_grandfather_clock_01_env_2
vintage_grandfather_clock_01_env_0,13,15.444386,0.850822,0.118164,vintage_grandfather_clock_01_env_2
vintage_grandfather_clock_01_env_0,14,14.374985,0.839676,0.137695,vintage_grandfather_clock_01_env_2
vintage_grandfather_clock_01_env_0,15,14.483851,0.839966,0.143555,vintage_grandfather_clock_01_env_2
vintage_grandfather_clock_01_env_0,16,14.586515,0.841805,0.147461,vintage_grandfather_clock_01_env_2
vintage_grandfather_clock_01_env_0,17,14.460763,0.841464,0.151367,vintage_grandfather_clock_01_env_2
vintage_grandfather_clock_01_env_0,18,14.291496,0.840121,0.154297,vintage_grandfather_clock_01_env_2
vintage_grandfather_clock_01_env_0,19,14.374985,0.839676,0.137695,vintage_grandfather_clock_01_env_2
vintage_grandfather_clock_01_env_0,0,15.744228,0.843563,0.137695,vintage_grandfather_clock_01_white_env_0
vintage_grandfather_clock_01_env_0,1,15.744228,0.843563,0.137695,vintage_grandfather_clock_01_white_env_0
vintage_grandfather_clock_01_env_0,2,15.764729,0.843701,0.138672,vintage_grandfather_clock_01_white_env_0
vintage_grandfather_clock_01_env_0,3,15.778749,0.843776,0.139648,vintage_grandfather_clock_01_white_env_0
vintage_grandfather_clock_01_env_0,4,15.744228,0.843563,0.137695,vintage_grandfather_clock_01_white_env_0
vintage_grandfather_clock_01_env_0,5,15.744228,0.843563,0.137695,vintage_grandfather_clock_01_white_env_0
vintage_grandfather_clock_01_env_0,6,15.744228,0.843563,0.137695,vintage_grandfather_clock_01_white_env_0
vintage_grandfather_clock_01_env_0,7,15.744228,0.843563,0.137695,vintage_grandfather_clock_01_white_env_0
vintage_grandfather_clock_01_env_0,8,15.744228,0.843563,0.137695,vintage_grandfather_clock_01_white_env_0
vintage_grandfather_clock_01_env_0,9,15.744228,0.843563,0.137695,vintage_grandfather_clock_01_white_env_0
vintage_grandfather_clock_01_env_0,10,15.744228,0.843563,0.137695,vintage_grandfather_clock_01_white_env_0
vintage_grandfather_clock_01_env_0,11,15.950172,0.844914,0.142578,vintage_grandfather_clock_01_white_env_0
vintage_grandfather_clock_01_env_0,12,16.053051,0.846711,0.144531,vintage_grandfather_clock_01_white_env_0
vintage_grandfather_clock_01_env_0,13,16.054382,0.847880,0.146484,vintage_grandfather_clock_01_white_env_0
vintage_grandfather_clock_01_env_0,14,15.966508,0.847717,0.149414,vintage_grandfather_clock_01_white_env_0
vintage_grandfather_clock_01_env_0,15,15.837214,0.848142,0.151367,vintage_grandfather_clock_01_white_env_0
vintage_grandfather_clock_01_env_0,16,15.389370,0.848814,0.168945,vintage_grandfather_clock_01_white_env_0
vintage_grandfather_clock_01_env_0,17,15.072712,0.850814,0.177734,vintage_grandfather_clock_01_white_env_0
vintage_grandfather_clock_01_env_0,18,14.944916,0.851729,0.183594,vintage_grandfather_clock_01_white_env_0
vintage_grandfather_clock_01_env_0,19,14.937053,0.852807,0.189453,vintage_grandfather_clock_01_white_env_0
wooden_spoon_white_env_0,0,25.029875,0.968670,0.026367,wooden_spoon_env_0
wooden_spoon_white_env_0,1,25.029875,0.968670,0.026367,wooden_spoon_env_0
wooden_spoon_white_env_0,2,25.029875,0.968670,0.026367,wooden_spoon_env_0
wooden_spoon_white_env_0,3,25.029875,0.968670,0.026367,wooden_spoon_env_0
wooden_spoon_white_env_0,4,25.029875,0.968670,0.026367,wooden_spoon_env_0
wooden_spoon_white_env_0,5,24.653450,0.967548,0.026855,wooden_spoon_env_0
wooden_spoon_white_env_0,6,25.029875,0.968670,0.026367,wooden_spoon_env_0
wooden_spoon_white_env_0,7,24.523354,0.967128,0.027222,wooden_spoon_env_0
wooden_spoon_white_env_0,8,25.029875,0.968670,0.026367,wooden_spoon_env_0
wooden_spoon_white_env_0,9,24.395586,0.966729,0.027344,wooden_spoon_env_0
wooden_spoon_white_env_0,10,25.029875,0.968670,0.026367,wooden_spoon_env_0
wooden_spoon_white_env_0,11,25.029875,0.968670,0.026367,wooden_spoon_env_0
wooden_spoon_white_env_0,12,25.029875,0.968670,0.026367,wooden_spoon_env_0
wooden_spoon_white_env_0,13,24.153193,0.965955,0.027588,wooden_spoon_env_0
wooden_spoon_white_env_0,14,25.029875,0.968670,0.026367,wooden_spoon_env_0
wooden_spoon_white_env_0,15,24.047113,0.965592,0.027832,wooden_spoon_env_0
wooden_spoon_white_env_0,16,25.029875,0.968670,0.026367,wooden_spoon_env_0
wooden_spoon_white_env_0,17,23.942966,0.965258,0.028076,wooden_spoon_env_0
wooden_spoon_white_env_0,18,23.498955,0.963696,0.029053,wooden_spoon_env_0
wooden_spoon_white_env_0,19,25.029875,0.968670,0.026367,wooden_spoon_env_0
wooden_spoon_white_env_0,0,39.954102,0.996231,0.007141,wooden_spoon_env_1
wooden_spoon_white_env_0,1,39.954102,0.996231,0.007141,wooden_spoon_env_1
wooden_spoon_white_env_0,2,39.606251,0.996130,0.007385,wooden_spoon_env_1
wooden_spoon_white_env_0,3,39.400818,0.996078,0.007477,wooden_spoon_env_1
wooden_spoon_white_env_0,4,39.954102,0.996231,0.007141,wooden_spoon_env_1
wooden_spoon_white_env_0,5,39.954102,0.996231,0.007141,wooden_spoon_env_1
wooden_spoon_white_env_0,6,38.883347,0.995921,0.007812,wooden_spoon_env_1
wooden_spoon_white_env_0,7,39.954102,0.996231,0.007141,wooden_spoon_env_1
wooden_spoon_white_env_0,8,39.954102,0.996231,0.007141,wooden_spoon_env_1
wooden_spoon_white_env_0,9,39.954102,0.996231,0.007141,wooden_spoon_env_1
wooden_spoon_white_env_0,10,35.428070,0.994614,0.010010,wooden_spoon_env_1
wooden_spoon_white_env_0,11,35.428070,0.994614,0.010010,wooden_spoon_env_1
wooden_spoon_white_env_0,12,35.428070,0.994614,0.010010,wooden_spoon_env_1
wooden_spoon_white_env_0,13,35.428070,0.994614,0.010010,wooden_spoon_env_1
wooden_spoon_white_env_0,14,35.428070,0.994614,0.010010,wooden_spoon_env_1
wooden_spoon_white_env_0,15,34.170891,0.993915,0.010986,wooden_spoon_env_1
wooden_spoon_white_env_0,16,33.565285,0.993402,0.011658,wooden_spoon_env_1
wooden_spoon_white_env_0,17,35.428070,0.994614,0.010010,wooden_spoon_env_1
wooden_spoon_white_env_0,18,33.935913,0.993756,0.011169,wooden_spoon_env_1
wooden_spoon_white_env_0,19,32.748302,0.992151,0.012573,wooden_spoon_env_1
wooden_spoon_white_env_0,0,34.339905,0.994464,0.008362,wooden_spoon_env_2
wooden_spoon_white_env_0,1,34.339905,0.994464,0.008362,wooden_spoon_env_2
wooden_spoon_white_env_0,2,34.339905,0.994464,0.008362,wooden_spoon_env_2
wooden_spoon_white_env_0,3,34.339905,0.994464,0.008362,wooden_spoon_env_2
wooden_spoon_white_env_0,4,34.339905,0.994464,0.008362,wooden_spoon_env_2
wooden_spoon_white_env_0,5,34.661209,0.994366,0.008667,wooden_spoon_env_2
wooden_spoon_white_env_0,6,34.339905,0.994464,0.008362,wooden_spoon_env_2
wooden_spoon_white_env_0,7,34.339905,0.994464,0.008362,wooden_spoon_env_2
wooden_spoon_white_env_0,8,34.339905,0.994464,0.008362,wooden_spoon_env_2
wooden_spoon_white_env_0,9,34.339905,0.994464,0.008362,wooden_spoon_env_2
wooden_spoon_white_env_0,10,34.848923,0.994231,0.008972,wooden_spoon_env_2
wooden_spoon_white_env_0,11,34.339905,0.994464,0.008362,wooden_spoon_env_2
wooden_spoon_white_env_0,12,34.339905,0.994464,0.008362,wooden_spoon_env_2
wooden_spoon_white_env_0,13,34.339905,0.994464,0.008362,wooden_spoon_env_2
wooden_spoon_white_env_0,14,34.339905,0.994464,0.008362,wooden_spoon_env_2
wooden_spoon_white_env_0,15,31.920532,0.987079,0.012329,wooden_spoon_env_2
wooden_spoon_white_env_0,16,31.920532,0.987079,0.012329,wooden_spoon_env_2
wooden_spoon_white_env_0,17,26.992809,0.971299,0.018921,wooden_spoon_env_2
wooden_spoon_white_env_0,18,23.467121,0.948527,0.041016,wooden_spoon_env_2
wooden_spoon_white_env_0,19,23.467121,0.948527,0.041016,wooden_spoon_env_2
hand_plane_no4_env_1,0,30.974472,0.960183,0.030273,hand_plane_no4_env_0
hand_plane_no4_env_1,1,30.974472,0.960183,0.030273,hand_plane_no4_env_0
hand_plane_no4_env_1,2,30.974472,0.960183,0.030273,hand_plane_no4_env_0
hand_plane_no4_env_1,3,30.974472,0.960183,0.030273,hand_plane_no4_env_0
hand_plane_no4_env_1,4,30.974472,0.960183,0.030273,hand_plane_no4_env_0
hand_plane_no4_env_1,5,30.974472,0.960183,0.030273,hand_plane_no4_env_0
hand_plane_no4_env_1,6,30.450016,0.959275,0.031006,hand_plane_no4_env_0
hand_plane_no4_env_1,7,30.974472,0.960183,0.030273,hand_plane_no4_env_0
hand_plane_no4_env_1,8,30.295269,0.958995,0.031250,hand_plane_no4_env_0
hand_plane_no4_env_1,9,30.974472,0.960183,0.030273,hand_plane_no4_env_0
hand_plane_no4_env_1,10,30.974472,0.960183,0.030273,hand_plane_no4_env_0
hand_plane_no4_env_1,11,30.974472,0.960183,0.030273,hand_plane_no4_env_0
hand_plane_no4_env_1,12,30.974472,0.960183,0.030273,hand_plane_no4_env_0
hand_plane_no4_env_1,13,30.974472,0.960183,0.030273,hand_plane_no4_env_0
hand_plane_no4_env_1,14,29.765583,0.957840,0.032471,hand_plane_no4_env_0
hand_plane_no4_env_1,15,29.138573,0.956268,0.034180,hand_plane_no4_env_0
hand_plane_no4_env_1,16,28.755066,0.955152,0.035645,hand_plane_no4_env_0
hand_plane_no4_env_1,17,28.397614,0.954051,0.036621,hand_plane_no4_env_0
hand_plane_no4_env_1,18,30.974472,0.960183,0.030273,hand_plane_no4_env_0
hand_plane_no4_env_1,19,28.447975,0.954216,0.036865,hand_plane_no4_env_0
hand_plane_no4_env_1,0,29.171150,0.961593,0.034668,hand_plane_no4_env_2
hand_plane_no4_env_1,1,29.171150,0.961593,0.034668,hand_plane_no4_env_2
hand_plane_no4_env_1,2,29.078209,0.961481,0.034668,hand_plane_no4_env_2
hand_plane_no4_env_1,3,29.171150,0.961593,0.034668,hand_plane_no4_env_2
hand_plane_no4_env_1,4,29.171150,0.961593,0.034668,hand_plane_no4_env_2
hand_plane_no4_env_1,5,29.171150,0.961593,0.034668,hand_plane_no4_env_2
hand_plane_no4_env_1,6,28.848261,0.960845,0.035156,hand_plane_no4_env_2
hand_plane_no4_env_1,7,29.171150,0.961593,0.034668,hand_plane_no4_env_2
hand_plane_no4_env_1,8,29.171150,0.961593,0.034668,hand_plane_no4_env_2
hand_plane_no4_env_1,9,29.171150,0.961593,0.034668,hand_plane_no4_env_2
hand_plane_no4_env_1,10,29.171150,0.961593,0.034668,hand_plane_no4_env_2
hand_plane_no4_env_1,11,28.484674,0.959288,0.035645,hand_plane_no4_env_2
hand_plane_no4_env_1,12,20.879971,0.879679,0.071289,hand_plane_no4_env_2
hand_plane_no4_env_1,13,20.879971,0.879679,0.071289,hand_plane_no4_env_2
hand_plane_no4_env_1,14,20.879971,0.879679,0.071289,hand_plane_no4_env_2
hand_plane_no4_env_1,15,18.365208,0.838824,0.092285,hand_plane_no4_env_2
hand_plane_no4_env_1,16,17.577106,0.825229,0.101562,hand_plane_no4_env_2
hand_plane_no4_env_1,17,20.879971,0.879679,0.071289,hand_plane_no4_env_2
hand_plane_no4_env_1,18,20.879971,0.879679,0.071289,hand_plane_no4_env_2
hand_plane_no4_env_1,19,17.026505,0.817881,0.108398,hand_plane_no4_env_2
hand_plane_no4_env_1,0,18.076756,0.828442,0.095703,hand_plane_no4_white_env_0
hand_plane_no4_env_1,1,18.076756,0.828442,0.095703,hand_plane_no4_white_env_0
hand_plane_no4_env_1,2,18.076756,0.828442,0.095703,hand_plane_no4_white_env_0
hand_plane_no4_env_1,3,18.076756,0.828442,0.095703,hand_plane_no4_white_env_0
hand_plane_no4_env_1,4,18.076756,0.828442,0.095703,hand_plane_no4_white_env_0
hand_plane_no4_env_1,5,18.076756,0.828442,0.095703,hand_plane_no4_white_env_0
hand_plane_no4_env_1,6,17.456285,0.818242,0.114746,hand_plane_no4_white_env_0
hand_plane_no4_env_1,7,17.456285,0.818242,0.114746,hand_plane_no4_white_env_0
hand_plane_no4_env_1,8,17.456285,0.818242,0.114746,hand_plane_no4_white_env_0
hand_plane_no4_env_1,9,17.085476,0.816285,0.124023,hand_plane_no4_white_env_0
hand_plane_no4_env_1,10,17.456285,0.818242,0.114746,hand_plane_no4_white_env_0
hand_plane_no4_env_1,11,17.456285,0.818242,0.114746,hand_plane_no4_white_env_0
hand_plane_no4_env_1,12,17.456285,0.818242,0.114746,hand_plane_no4_white_env_0
hand_plane_no4_env_1,13,16.917416,0.815085,0.126953,hand_plane_no4_white_env_0
hand_plane_no4_env_1,14,15.499015,0.800626,0.153320,hand_plane_no4_white_env_0
hand_plane_no4_env_1,15,15.499015,0.800626,0.153320,hand_plane_no4_white_env_0
hand_plane_no4_env_1,16,15.015873,0.795660,0.166016,hand_plane_no4_white_env_0
hand_plane_no4_env_1,17,15.499015,0.800626,0.153320,hand_plane_no4_white_env_0
hand_plane_no4_env_1,18,15.499015,0.800626,0.153320,hand_plane_no4_white_env_0
hand_plane_no4_env_1,19,15.499015,0.800626,0.153320,hand_plane_no4_white_env_0
standing_picture_frame_01_white_env_0,0,25.385025,0.939216,0.049316,standing_picture_frame_01_env_0
standing_picture_frame_01_white_env_0,1,25.385025,0.939216,0.049316,standing_picture_frame_01_env_0
standing_picture_frame_01_white_env_0,2,25.385025,0.939216,0.049316,standing_picture_frame_01_env_0
standing_picture_frame_01_white_env_0,3,25.385025,0.939216,0.049316,standing_picture_frame_01_env_0
standing_picture_frame_01_white_env_0,4,25.385025,0.939216,0.049316,standing_picture_frame_01_env_0
standing_picture_frame_01_white_env_0,5,25.385025,0.939216,0.049316,standing_picture_frame_01_env_0
standing_picture_frame_01_white_env_0,6,25.470146,0.936399,0.057129,standing_picture_frame_01_env_0
standing_picture_frame_01_white_env_0,7,25.523487,0.935927,0.058594,standing_picture_frame_01_env_0
standing_picture_frame_01_white_env_0,8,25.470146,0.936399,0.057129,standing_picture_frame_01_env_0
standing_picture_frame_01_white_env_0,9,25.470146,0.936399,0.057129,standing_picture_frame_01_env_0
standing_picture_frame_01_white_env_0,10,25.470146,0.936399,0.057129,standing_picture_frame_01_env_0
standing_picture_frame_01_white_env_0,11,25.503510,0.935360,0.060059,standing_picture_frame_01_env_0
standing_picture_frame_01_white_env_0,12,24.932400,0.932335,0.062988,standing_picture_frame_01_env_0
standing_picture_frame_01_white_env_0,13,25.470146,0.936399,0.057129,standing_picture_frame_01_env_0
standing_picture_frame_01_white_env_0,14,25.470146,0.936399,0.057129,standing_picture_frame_01_env_0
standing_picture_frame_01_white_env_0,15,25.314228,0.933849,0.062256,standing_picture_frame_01_env_0
standing_picture_frame_01_white_env_0,16,16.887039,0.802349,0.125977,standing_picture_frame_01_env_0
standing_picture_frame_01_white_env_0,17,14.410532,0.733966,0.166016,standing_picture_frame_01_env_0
standing_picture_frame_01_white_env_0,18,13.628224,0.704720,0.184570,standing_picture_frame_01_env_0
standing_picture_frame_01_white_env_0,19,12.023355,0.664702,0.226562,standing_picture_frame_01_env_0
standing_picture_frame_01_white_env_0,0,12.133762,0.674276,0.231445,standing_picture_frame_01_env_1
standing_picture_frame_01_white_env_0,1,12.133762,0.674276,0.231445,standing_picture_frame_01_env_1
standing_picture_frame_01_white_env_0,2,12.133762,0.674276,0.231445,standing_picture_frame_01_env_1
standing_picture_frame_01_white_env_0,3,12.034886,0.671885,0.232422,standing_picture_frame_01_env_1
standing_picture_frame_01_white_env_0,4,11.993440,0.671010,0.234375,standing_picture_frame_01_env_1
standing_picture_frame_01_white_env_0,5,12.133762,0.674276,0.231445,standing_picture_frame_01_env_1
standing_picture_frame_01_white_env_0,6,12.133762,0.674276,0.231445,standing_picture_frame_01_env_1
standing_picture_frame_01_white_env_0,7,12.133762,0.674276,0.231445,standing_picture_frame_01_env_1
standing_picture_frame_01_white_env_0,8,12.133762,0.674276,0.231445,standing_picture_frame_01_env_1
standing_picture_frame_01_white_env_0,9,12.133762,0.674276,0.231445,standing_picture_frame_01_env_1
standing_picture_frame_01_white_env_0,10,12.133762,0.674276,0.231445,standing_picture_frame_01_env_1
standing_picture_frame_01_white_env_0,11,12.133762,0.674276,0.231445,standing_picture_frame_01_env_1
standing_picture_frame_01_white_env_0,12,12.133762,0.674276,0.231445,standing_picture_frame_01_env_1
standing_picture_frame_01_white_env_0,13,12.133762,0.674276,0.231445,standing_picture_frame_01_env_1
standing_picture_frame_01_white_env_0,14,12.133762,0.674276,0.231445,standing_picture_frame_01_env_1
standing_picture_frame_01_white_env_0,15,12.133762,0.674276,0.231445,standing_picture_frame_01_env_1
standing_picture_frame_01_white_env_0,16,12.133762,0.674276,0.231445,standing_picture_frame_01_env_1
standing_picture_frame_01_white_env_0,17,11.709099,0.664842,0.245117,standing_picture_frame_01_env_1
standing_picture_frame_01_white_env_0,18,12.133762,0.674276,0.231445,standing_picture_frame_01_env_1
standing_picture_frame_01_white_env_0,19,12.133762,0.674276,0.231445,standing_picture_frame_01_env_1
standing_picture_frame_01_white_env_0,0,13.307653,0.696815,0.218750,standing_picture_frame_01_env_2
standing_picture_frame_01_white_env_0,1,13.307653,0.696815,0.218750,standing_picture_frame_01_env_2
standing_picture_frame_01_white_env_0,2,13.307653,0.696815,0.218750,standing_picture_frame_01_env_2
standing_picture_frame_01_white_env_0,3,13.307653,0.696815,0.218750,standing_picture_frame_01_env_2
standing_picture_frame_01_white_env_0,4,13.307653,0.696815,0.218750,standing_picture_frame_01_env_2
standing_picture_frame_01_white_env_0,5,13.307653,0.696815,0.218750,standing_picture_frame_01_env_2
standing_picture_frame_01_white_env_0,6,13.069513,0.689729,0.226562,standing_picture_frame_01_env_2
standing_picture_frame_01_white_env_0,7,13.307653,0.696815,0.218750,standing_picture_frame_01_env_2
standing_picture_frame_01_white_env_0,8,13.307653,0.696815,0.218750,standing_picture_frame_01_env_2
standing_picture_frame_01_white_env_0,9,12.976870,0.686073,0.230469,standing_picture_frame_01_env_2
standing_picture_frame_01_white_env_0,10,13.307653,0.696815,0.218750,standing_picture_frame_01_env_2
standing_picture_frame_01_white_env_0,11,12.952313,0.683614,0.233398,standing_picture_frame_01_env_2
standing_picture_frame_01_white_env_0,12,12.875918,0.677465,0.240234,standing_picture_frame_01_env_2
standing_picture_frame_01_white_env_0,13,12.810088,0.672443,0.248047,standing_picture_frame_01_env_2
standing_picture_frame_01_white_env_0,14,13.307653,0.696815,0.218750,standing_picture_frame_01_env_2
standing_picture_frame_01_white_env_0,15,12.899425,0.679766,0.239258,standing_picture_frame_01_env_2
standing_picture_frame_01_white_env_0,16,13.307653,0.696815,0.218750,standing_picture_frame_01_env_2
standing_picture_frame_01_white_env_0,17,12.885549,0.678091,0.241211,standing_picture_frame_01_env_2
standing_picture_frame_01_white_env_0,18,12.671384,0.663802,0.261719,standing_picture_frame_01_env_2
standing_picture_frame_01_white_env_0,19,12.561371,0.652917,0.300781,standing_picture_frame_01_env_2
cleaner_tin_01_white_env_0,0,17.689621,0.852667,0.076172,cleaner_tin_01_env_0
cleaner_tin_01_white_env_0,1,17.689621,0.852667,0.076172,cleaner_tin_01_env_0
cleaner_tin_01_white_env_0,2,17.689621,0.852667,0.076172,cleaner_tin_01_env_0
cleaner_tin_01_white_env_0,3,17.689621,0.852667,0.076172,cleaner_tin_01_env_0
cleaner_tin_01_white_env_0,4,17.689621,0.852667,0.076172,cleaner_tin_01_env_0
cleaner_tin_01_white_env_0,5,17.689621,0.852667,0.076172,cleaner_tin_01_env_0
cleaner_tin_01_white_env_0,6,17.175369,0.830516,0.087402,cleaner_tin_01_env_0
cleaner_tin_01_white_env_0,7,17.188156,0.829124,0.089844,cleaner_tin_01_env_0
cleaner_tin_01_white_env_0,8,17.209751,0.829162,0.090332,cleaner_tin_01_env_0
cleaner_tin_01_white_env_0,9,17.175369,0.830516,0.087402,cleaner_tin_01_env_0
cleaner_tin_01_white_env_0,10,17.190264,0.828505,0.090820,cleaner_tin_01_env_0
cleaner_tin_01_white_env_0,11,17.233696,0.828750,0.092285,cleaner_tin_01_env_0
cleaner_tin_01_white_env_0,12,17.175369,0.830516,0.087402,cleaner_tin_01_env_0
cleaner_tin_01_white_env_0,13,17.178804,0.822196,0.100586,cleaner_tin_01_env_0
cleaner_tin_01_white_env_0,14,15.245458,0.739363,0.165039,cleaner_tin_01_env_0
cleaner_tin_01_white_env_0,15,14.539877,0.711645,0.189453,cleaner_tin_01_env_0
cleaner_tin_01_white_env_0,16,15.245458,0.739363,0.165039,cleaner_tin_01_env_0
cleaner_tin_01_white_env_0,17,15.245458,0.739363,0.165039,cleaner_tin_01_env_0
cleaner_tin_01_white_env_0,18,14.383739,0.706445,0.195312,cleaner_tin_01_env_0
cleaner_tin_01_white_env_0,19,13.096958,0.666338,0.248047,cleaner_tin_01_env_0
cleaner_tin_01_white_env_0,0,12.172455,0.632597,0.253906,cleaner_tin_01_env_1
cleaner_tin_01_white_env_0,1,12.172455,0.632597,0.253906,cleaner_tin_01_env_1
cleaner_tin_01_white_env_0,2,12.172455,0.632597,0.253906,cleaner_tin_01_env_1
cleaner_tin_01_white_env_0,3,12.067142,0.629467,0.259766,cleaner_tin_01_env_1
cleaner_tin_01_white_env_0,4,12.034633,0.628791,0.261719,cleaner_tin_01_env_1
cleaner_tin_01_white_env_0,5,12.172455,0.632597,0.253906,cleaner_tin_01_env_1
cleaner_tin_01_white_env_0,6,11.980078,0.627687,0.261719,cleaner_tin_01_env_1
cleaner_tin_01_white_env_0,7,12.172455,0.632597,0.253906,cleaner_tin_01_env_1
cleaner_tin_01_white_env_0,8,12.172455,0.632597,0.253906,cleaner_tin_01_env_1
cleaner_tin_01_white_env_0,9,12.172455,0.632597,0.253906,cleaner_tin_01_env_1
cleaner_tin_01_white_env_0,10,12.172455,0.632597,0.253906,cleaner_tin_01_env_1
cleaner_tin_01_white_env_0,11,12.172455,0.632597,0.253906,cleaner_tin_01_env_1
cleaner_tin_01_white_env_0,12,12.172455,0.632597,0.253906,cleaner_tin_01_env_1
cleaner_tin_01_white_env_0,13,11.189688,0.607309,0.296875,cleaner_tin_01_env_1
cleaner_tin_01_white_env_0,14,10.427322,0.584515,0.345703,cleaner_tin_01_env_1
cleaner_tin_01_white_env_0,15,10.427322,0.584515,0.345703,cleaner_tin_01_env_1
cleaner_tin_01_white_env_0,16,10.427322,0.584515,0.345703,cleaner_tin_01_env_1
cleaner_tin_01_white_env_0,17,10.427322,0.584515,0.345703,cleaner_tin_01_env_1
cleaner_tin_01_white_env_0,18,10.406170,0.588152,0.375000,cleaner_tin_01_env_1
cleaner_tin_01_white_env_0,19,10.427322,0.584515,0.345703,cleaner_tin_01_env_1
cleaner_tin_01_white_env_0,0,11.418312,0.616136,0.320312,cleaner_tin_01_env_2
cleaner_tin_01_white_env_0,1,11.397661,0.614797,0.322266,cleaner_tin_01_env_2
cleaner_tin_01_white_env_0,2,11.418312,0.616136,0.320312,cleaner_tin_01_env_2
cleaner_tin_01_white_env_0,3,11.418312,0.616136,0.320312,cleaner_tin_01_env_2
cleaner_tin_01_white_env_0,4,11.418312,0.616136,0.320312,cleaner_tin_01_env_2
cleaner_tin_01_white_env_0,5,11.418312,0.616136,0.320312,cleaner_tin_01_env_2
cleaner_tin_01_white_env_0,6,11.418312,0.616136,0.320312,cleaner_tin_01_env_2
cleaner_tin_01_white_env_0,7,11.418312,0.616136,0.320312,cleaner_tin_01_env_2
cleaner_tin_01_white_env_0,8,11.418312,0.616136,0.320312,cleaner_tin_01_env_2
cleaner_tin_01_white_env_0,9,11.418312,0.616136,0.320312,cleaner_tin_01_env_2
cleaner_tin_01_white_env_0,10,10.808580,0.594466,0.363281,cleaner_tin_01_env_2
cleaner_tin_01_white_env_0,11,10.768887,0.598911,0.373047,cleaner_tin_01_env_2
cleaner_tin_01_white_env_0,12,10.808580,0.594466,0.363281,cleaner_tin_01_env_2
cleaner_tin_01_white_env_0,13,10.808580,0.594466,0.363281,cleaner_tin_01_env_2
cleaner_tin_01_white_env_0,14,10.808580,0.594466,0.363281,cleaner_tin_01_env_2
cleaner_tin_01_white_env_0,15,10.769732,0.601138,0.378906,cleaner_tin_01_env_2
cleaner_tin_01_white_env_0,16,10.846736,0.636445,0.406250,cleaner_tin_01_env_2
cleaner_tin_01_white_env_0,17,10.846736,0.636445,0.406250,cleaner_tin_01_env_2
cleaner_tin_01_white_env_0,18,10.788877,0.645011,0.406250,cleaner_tin_01_env_2
cleaner_tin_01_white_env_0,19,10.846736,0.636445,0.406250,cleaner_tin_01_env_2
sofa_03_env_1,0,23.944382,0.924064,0.051758,sofa_03_env_0
sofa_03_env_1,1,23.944382,0.924064,0.051758,sofa_03_env_0
sofa_03_env_1,2,23.944382,0.924064,0.051758,sofa_03_env_0
sofa_03_env_1,3,23.944382,0.924064,0.051758,sofa_03_env_0
sofa_03_env_1,4,23.944382,0.924064,0.051758,sofa_03_env_0
sofa_03_env_1,5,23.944382,0.924064,0.051758,sofa_03_env_0
sofa_03_env_1,6,23.796776,0.922730,0.053467,sofa_03_env_0
sofa_03_env_1,7,23.758224,0.922364,0.053711,sofa_03_env_0
sofa_03_env_1,8,23.944382,0.924064,0.051758,sofa_03_env_0
sofa_03_env_1,9,23.944382,0.924064,0.051758,sofa_03_env_0
sofa_03_env_1,10,23.944382,0.924064,0.051758,sofa_03_env_0
sofa_03_env_1,11,23.944382,0.924064,0.051758,sofa_03_env_0
sofa_03_env_1,12,23.664543,0.921422,0.054932,sofa_03_env_0
sofa_03_env_1,13,23.944382,0.924064,0.051758,sofa_03_env_0
sofa_03_env_1,14,23.944382,0.924064,0.051758,sofa_03_env_0
sofa_03_env_1,15,23.438873,0.919017,0.059326,sofa_03_env_0
sofa_03_env_1,16,23.259472,0.915179,0.064453,sofa_03_env_0
sofa_03_env_1,17,23.438873,0.919017,0.059326,sofa_03_env_0
sofa_03_env_1,18,23.173237,0.913459,0.065918,sofa_03_env_0
sofa_03_env_1,19,23.438873,0.919017,0.059326,sofa_03_env_0
sofa_03_env_1,0,26.691652,0.943944,0.044678,sofa_03_env_2
sofa_03_env_1,1,26.624180,0.943485,0.044678,sofa_03_env_2
sofa_03_env_1,2,26.691652,0.943944,0.044678,sofa_03_env_2
sofa_03_env_1,3,26.691652,0.943944,0.044678,sofa_03_env_2
sofa_03_env_1,4,26.691652,0.943944,0.044678,sofa_03_env_2
sofa_03_env_1,5,26.691652,0.943944,0.044678,sofa_03_env_2
sofa_03_env_1,6,26.691652,0.943944,0.044678,sofa_03_env_2
sofa_03_env_1,7,26.691652,0.943944,0.044678,sofa_03_env_2
sofa_03_env_1,8,26.691652,0.943944,0.044678,sofa_03_env_2
sofa_03_env_1,9,26.691652,0.943944,0.044678,sofa_03_env_2
sofa_03_env_1,10,26.691652,0.943944,0.044678,sofa_03_env_2
sofa_03_env_1,11,26.182384,0.940450,0.043945,sofa_03_env_2
sofa_03_env_1,12,26.691652,0.943944,0.044678,sofa_03_env_2
sofa_03_env_1,13,24.395428,0.923727,0.052734,sofa_03_env_2
sofa_03_env_1,14,19.749550,0.875001,0.079590,sofa_03_env_2
sofa_03_env_1,15,18.580372,0.863264,0.088867,sofa_03_env_2
sofa_03_env_1,16,24.395428,0.923727,0.052734,sofa_03_env_2
sofa_03_env_1,17,24.395428,0.923727,0.052734,sofa_03_env_2
sofa_03_env_1,18,18.897747,0.867382,0.085938,sofa_03_env_2
sofa_03_env_1,19,15.886799,0.831575,0.120605,sofa_03_env_2
sofa_03_env_1,0,16.916565,0.844710,0.111328,sofa_03_white_env_0
sofa_03_env_1,1,16.916565,0.844710,0.111328,sofa_03_white_env_0
sofa_03_env_1,2,16.916565,0.844710,0.111328,sofa_03_white_env_0
sofa_03_env_1,3,16.916565,0.844710,0.111328,sofa_03_white_env_0
sofa_03_env_1,4,16.916565,0.844710,0.111328,sofa_03_white_env_0
sofa_03_env_1,5,16.916565,0.844710,0.111328,sofa_03_white_env_0
sofa_03_env_1,6,16.925236,0.846533,0.113770,sofa_03_white_env_0
sofa_03_env_1,7,16.916565,0.844710,0.111328,sofa_03_white_env_0
sofa_03_env_1,8,16.932571,0.846932,0.114258,sofa_03_white_env_0
sofa_03_env_1,9,16.916565,0.844710,0.111328,sofa_03_white_env_0
sofa_03_env_1,10,16.916565,0.844710,0.111328,sofa_03_white_env_0
sofa_03_env_1,11,16.916565,0.844710,0.111328,sofa_03_white_env_0
sofa_03_env_1,12,16.942114,0.848150,0.115723,sofa_03_white_env_0
sofa_03_env_1,13,16.916565,0.844710,0.111328,sofa_03_white_env_0
sofa_03_env_1,14,16.916565,0.844710,0.111328,sofa_03_white_env_0
sofa_03_env_1,15,16.886375,0.855016,0.125977,sofa_03_white_env_0
sofa_03_env_1,16,16.264156,0.854442,0.146484,sofa_03_white_env_0
sofa_03_env_1,17,15.873096,0.852711,0.156250,sofa_03_white_env_0
sofa_03_env_1,18,16.264156,0.854442,0.146484,sofa_03_white_env_0
sofa_03_env_1,19,15.813702,0.852312,0.157227,sofa_03_white_env_0
Camera_01_env_1,0,25.192131,0.940787,0.037598,Camera_01_env_0
Camera_01_env_1,1,25.192131,0.940787,0.037598,Camera_01_env_0
Camera_01_env_1,2,25.192131,0.940787,0.037598,Camera_01_env_0
Camera_01_env_1,3,25.192131,0.940787,0.037598,Camera_01_env_0
Camera_01_env_1,4,25.192131,0.940787,0.037598,Camera_01_env_0
Camera_01_env_1,5,25.192131,0.940787,0.037598,Camera_01_env_0
Camera_01_env_1,6,25.192131,0.940787,0.037598,Camera_01_env_0
Camera_01_env_1,7,25.192131,0.940787,0.037598,Camera_01_env_0
Camera_01_env_1,8,25.192131,0.940787,0.037598,Camera_01_env_0
Camera_01_env_1,9,21.539606,0.905053,0.058105,Camera_01_env_0
Camera_01_env_1,10,21.539606,0.905053,0.058105,Camera_01_env_0
Camera_01_env_1,11,17.468790,0.832707,0.093750,Camera_01_env_0
Camera_01_env_1,12,21.539606,0.905053,0.058105,Camera_01_env_0
Camera_01_env_1,13,16.936691,0.821831,0.099609,Camera_01_env_0
Camera_01_env_1,14,21.539606,0.905053,0.058105,Camera_01_env_0
Camera_01_env_1,15,16.425673,0.813243,0.106445,Camera_01_env_0
Camera_01_env_1,16,14.647957,0.782170,0.132812,Camera_01_env_0
Camera_01_env_1,17,14.022142,0.768880,0.147461,Camera_01_env_0
Camera_01_env_1,18,13.696285,0.760561,0.159180,Camera_01_env_0
Camera_01_env_1,19,21.539606,0.905053,0.058105,Camera_01_env_0
Camera_01_env_1,0,24.047890,0.934354,0.043457,Camera_01_env_2
Camera_01_env_1,1,24.047890,0.934354,0.043457,Camera_01_env_2
Camera_01_env_1,2,24.027477,0.934075,0.043701,Camera_01_env_2
Camera_01_env_1,3,24.047890,0.934354,0.043457,Camera_01_env_2
Camera_01_env_1,4,24.047890,0.934354,0.043457,Camera_01_env_2
Camera_01_env_1,5,24.047890,0.934354,0.043457,Camera_01_env_2
Camera_01_env_1,6,24.047890,0.934354,0.043457,Camera_01_env_2
Camera_01_env_1,7,24.047890,0.934354,0.043457,Camera_01_env_2
Camera_01_env_1,8,24.047890,0.934354,0.043457,Camera_01_env_2
Camera_01_env_1,9,24.047890,0.934354,0.043457,Camera_01_env_2
Camera_01_env_1,10,22.373703,0.915917,0.052734,Camera_01_env_2
Camera_01_env_1,11,19.899082,0.888211,0.066406,Camera_01_env_2
Camera_01_env_1,12,24.047890,0.934354,0.043457,Camera_01_env_2
Camera_01_env_1,13,15.971319,0.803021,0.112793,Camera_01_env_2
Camera_01_env_1,14,14.418932,0.767048,0.144531,Camera_01_env_2
Camera_01_env_1,15,13.378244,0.741425,0.185547,Camera_01_env_2
Camera_01_env_1,16,12.712349,0.727976,0.222656,Camera_01_env_2
Camera_01_env_1,17,12.504001,0.725118,0.239258,Camera_01_env_2
Camera_01_env_1,18,12.712349,0.727976,0.222656,Camera_01_env_2
Camera_01_env_1,19,12.394628,0.727695,0.255859,Camera_01_env_2
Camera_01_env_1,0,13.364277,0.736531,0.248047,Camera_01_white_env_0
Camera_01_env_1,1,13.364277,0.736531,0.248047,Camera_01_white_env_0
Camera_01_env_1,2,13.364277,0.736531,0.248047,Camera_01_white_env_0
Camera_01_env_1,3,13.364277,0.736531,0.248047,Camera_01_white_env_0
Camera_01_env_1,4,13.364277,0.736531,0.248047,Camera_01_white_env_0
Camera_01_env_1,5,13.364277,0.736531,0.248047,Camera_01_white_env_0
Camera_01_env_1,6,13.364277,0.736531,0.248047,Camera_01_white_env_0
Camera_01_env_1,7,13.364277,0.736531,0.248047,Camera_01_white_env_0
Camera_01_env_1,8,13.364277,0.736531,0.248047,Camera_01_white_env_0
Camera_01_env_1,9,13.364277,0.736531,0.248047,Camera_01_white_env_0
Camera_01_env_1,10,13.364277,0.736531,0.248047,Camera_01_white_env_0
Camera_01_env_1,11,13.364277,0.736531,0.248047,Camera_01_white_env_0
Camera_01_env_1,12,13.364277,0.736531,0.248047,Camera_01_white_env_0
Camera_01_env_1,13,13.364277,0.736531,0.248047,Camera_01_white_env_0
Camera_01_env_1,14,13.096373,0.741557,0.281250,Camera_01_white_env_0
Camera_01_env_1,15,12.907108,0.735219,0.339844,Camera_01_white_env_0
Camera_01_env_1,16,12.972595,0.719980,0.402344,Camera_01_white_env_0
Camera_01_env_1,17,12.972595,0.719980,0.402344,Camera_01_white_env_0
Camera_01_env_1,18,12.887873,0.712425,0.462891,Camera_01_white_env_0
Camera_01_env_1,19,12.887873,0.712425,0.462891,Camera_01_white_env_0
compost_bags_env_1,0,27.281349,0.981649,0.020264,compost_bags_env_0
compost_bags_env_1,1,27.281349,0.981649,0.020264,compost_bags_env_0
compost_bags_env_1,2,27.281349,0.981649,0.020264,compost_bags_env_0
compost_bags_env_1,3,27.281349,0.981649,0.020264,compost_bags_env_0
compost_bags_env_1,4,27.147884,0.981120,0.020752,compost_bags_env_0
compost_bags_env_1,5,27.281349,0.981649,0.020264,compost_bags_env_0
compost_bags_env_1,6,27.083355,0.980869,0.020996,compost_bags_env_0
compost_bags_env_1,7,27.281349,0.981649,0.020264,compost_bags_env_0
compost_bags_env_1,8,27.281349,0.981649,0.020264,compost_bags_env_0
compost_bags_env_1,9,27.018978,0.980556,0.021240,compost_bags_env_0
compost_bags_env_1,10,26.942467,0.980101,0.021729,compost_bags_env_0
compost_bags_env_1,11,26.901436,0.979910,0.022217,compost_bags_env_0
compost_bags_env_1,12,26.866459,0.979644,0.022461,compost_bags_env_0
compost_bags_env_1,13,27.281349,0.981649,0.020264,compost_bags_env_0
compost_bags_env_1,14,26.886562,0.979926,0.021973,compost_bags_env_0
compost_bags_env_1,15,26.789566,0.979111,0.023071,compost_bags_env_0
compost_bags_env_1,16,26.736570,0.978525,0.023682,compost_bags_env_0
compost_bags_env_1,17,26.663687,0.977678,0.024658,compost_bags_env_0
compost_bags_env_1,18,26.381229,0.974902,0.027222,compost_bags_env_0
compost_bags_env_1,19,27.281349,0.981649,0.020264,compost_bags_env_0
compost_bags_env_1,0,30.662292,0.987846,0.014404,compost_bags_env_2
compost_bags_env_1,1,30.662292,0.987846,0.014404,compost_bags_env_2
compost_bags_env_1,2,30.662292,0.987846,0.014404,compost_bags_env_2
compost_bags_env_1,3,30.662292,0.987846,0.014404,compost_bags_env_2
compost_bags_env_1,4,30.662292,0.987846,0.014404,compost_bags_env_2
compost_bags_env_1,5,30.580843,0.987774,0.014465,compost_bags_env_2
compost_bags_env_1,6,30.536282,0.987747,0.014587,compost_bags_env_2
compost_bags_env_1,7,30.518534,0.987700,0.014648,compost_bags_env_2
compost_bags_env_1,8,30.490749,0.987665,0.014648,compost_bags_env_2
compost_bags_env_1,9,30.662292,0.987846,0.014404,compost_bags_env_2
compost_bags_env_1,10,30.662292,0.987846,0.014404,compost_bags_env_2
compost_bags_env_1,11,30.662292,0.987846,0.014404,compost_bags_env_2
compost_bags_env_1,12,30.662292,0.987846,0.014404,compost_bags_env_2
compost_bags_env_1,13,30.281986,0.987502,0.014893,compost_bags_env_2
compost_bags_env_1,14,30.139740,0.987239,0.015259,compost_bags_env_2
compost_bags_env_1,15,30.023851,0.986961,0.015564,compost_bags_env_2
compost_bags_env_1,16,26.387280,0.974206,0.027588,compost_bags_env_2
compost_bags_env_1,17,26.387280,0.974206,0.027588,compost_bags_env_2
compost_bags_env_1,18,22.250528,0.951829,0.046875,compost_bags_env_2
compost_bags_env_1,19,20.745564,0.940809,0.057617,compost_bags_env_2
compost_bags_env_1,0,33.041946,0.987148,0.016479,compost_bags_white_env_0
compost_bags_env_1,1,33.041946,0.987148,0.016479,compost_bags_white_env_0
compost_bags_env_1,2,33.225670,0.986867,0.016602,compost_bags_white_env_0
compost_bags_env_1,3,33.041946,0.987148,0.016479,compost_bags_white_env_0
compost_bags_env_1,4,33.041946,0.987148,0.016479,compost_bags_white_env_0
compost_bags_env_1,5,33.041946,0.987148,0.016479,compost_bags_white_env_0
compost_bags_env_1,6,33.147911,0.985068,0.018066,compost_bags_white_env_0
compost_bags_env_1,7,32.487099,0.982674,0.019775,compost_bags_white_env_0
compost_bags_env_1,8,33.041946,0.987148,0.016479,compost_bags_white_env_0
compost_bags_env_1,9,33.041946,0.987148,0.016479,compost_bags_white_env_0
compost_bags_env_1,10,33.041946,0.987148,0.016479,compost_bags_white_env_0
compost_bags_env_1,11,33.041946,0.987148,0.016479,compost_bags_white_env_0
compost_bags_env_1,12,33.041946,0.987148,0.016479,compost_bags_white_env_0
compost_bags_env_1,13,33.041946,0.987148,0.016479,compost_bags_white_env_0
compost_bags_env_1,14,29.873404,0.973906,0.026611,compost_bags_white_env_0
compost_bags_env_1,15,33.041946,0.987148,0.016479,compost_bags_white_env_0
compost_bags_env_1,16,29.375551,0.971529,0.029541,compost_bags_white_env_0
compost_bags_env_1,17,26.957676,0.959540,0.039062,compost_bags_white_env_0
compost_bags_env_1,18,25.696815,0.950527,0.045410,compost_bags_white_env_0
compost_bags_env_1,19,23.765474,0.939394,0.069336,compost_bags_white_env_0
dead_tree_trunk_env_0,0,39.098312,0.995269,0.020508,dead_tree_trunk_env_1
dead_tree_trunk_env_0,1,39.098312,0.995269,0.020508,dead_tree_trunk_env_1
dead_tree_trunk_env_0,2,39.098312,0.995269,0.020508,dead_tree_trunk_env_1
dead_tree_trunk_env_0,3,39.098312,0.995269,0.020508,dead_tree_trunk_env_1
dead_tree_trunk_env_0,4,39.098312,0.995269,0.020508,dead_tree_trunk_env_1
dead_tree_trunk_env_0,5,39.098312,0.995269,0.020508,dead_tree_trunk_env_1
dead_tree_trunk_env_0,6,39.098312,0.995269,0.020508,dead_tree_trunk_env_1
dead_tree_trunk_env_0,7,39.098312,0.995269,0.020508,dead_tree_trunk_env_1
dead_tree_trunk_env_0,8,37.861298,0.994792,0.021729,dead_tree_trunk_env_1
dead_tree_trunk_env_0,9,37.599144,0.994561,0.021973,dead_tree_trunk_env_1
dead_tree_trunk_env_0,10,37.099602,0.994022,0.022217,dead_tree_trunk_env_1
dead_tree_trunk_env_0,11,33.710312,0.991021,0.029053,dead_tree_trunk_env_1
dead_tree_trunk_env_0,12,33.710312,0.991021,0.029053,dead_tree_trunk_env_1
dead_tree_trunk_env_0,13,33.710312,0.991021,0.029053,dead_tree_trunk_env_1
dead_tree_trunk_env_0,14,26.493645,0.967493,0.041992,dead_tree_trunk_env_1
dead_tree_trunk_env_0,15,22.578478,0.946045,0.051514,dead_tree_trunk_env_1
dead_tree_trunk_env_0,16,21.252014,0.939673,0.057617,dead_tree_trunk_env_1
dead_tree_trunk_env_0,17,19.058298,0.926057,0.073730,dead_tree_trunk_env_1
dead_tree_trunk_env_0,18,18.126728,0.919492,0.090820,dead_tree_trunk_env_1
dead_tree_trunk_env_0,19,18.126728,0.919492,0.090820,dead_tree_trunk_env_1
dead_tree_trunk_env_0,0,17.646038,0.921259,0.080078,dead_tree_trunk_env_2
dead_tree_trunk_env_0,1,17.646038,0.921259,0.080078,dead_tree_trunk_env_2
dead_tree_trunk_env_0,2,17.646038,0.921259,0.080078,dead_tree_trunk_env_2
dead_tree_trunk_env_0,3,17.646038,0.921259,0.080078,dead_tree_trunk_env_2
dead_tree_trunk_env_0,4,17.486153,0.920377,0.082031,dead_tree_trunk_env_2
dead_tree_trunk_env_0,5,17.646038,0.921259,0.080078,dead_tree_trunk_env_2
dead_tree_trunk_env_0,6,17.646038,0.921259,0.080078,dead_tree_trunk_env_2
dead_tree_trunk_env_0,7,17.646038,0.921259,0.080078,dead_tree_trunk_env_2
dead_tree_trunk_env_0,8,17.646038,0.921259,0.080078,dead_tree_trunk_env_2
dead_tree_trunk_env_0,9,17.646038,0.921259,0.080078,dead_tree_trunk_env_2
dead_tree_trunk_env_0,10,16.459234,0.913095,0.100098,dead_tree_trunk_env_2
dead_tree_trunk_env_0,11,16.089352,0.910961,0.109375,dead_tree_trunk_env_2
dead_tree_trunk_env_0,12,16.459234,0.913095,0.100098,dead_tree_trunk_env_2
dead_tree_trunk_env_0,13,16.014708,0.910246,0.110840,dead_tree_trunk_env_2
dead_tree_trunk_env_0,14,15.807158,0.908298,0.116211,dead_tree_trunk_env_2
dead_tree_trunk_env_0,15,15.692881,0.907405,0.120117,dead_tree_trunk_env_2
dead_tree_trunk_env_0,16,16.459234,0.913095,0.100098,dead_tree_trunk_env_2
dead_tree_trunk_env_0,17,15.908413,0.909067,0.114258,dead_tree_trunk_env_2
dead_tree_trunk_env_0,18,15.606163,0.906686,0.124512,dead_tree_trunk_env_2
dead_tree_trunk_env_0,19,16.459234,0.913095,0.100098,dead_tree_trunk_env_2
dead_tree_trunk_env_0,0,17.662075,0.913621,0.100586,dead_tree_trunk_white_env_0
dead_tree_trunk_env_0,1,17.662075,0.913621,0.100586,dead_tree_trunk_white_env_0
dead_tree_trunk_env_0,2,17.662075,0.913621,0.100586,dead_tree_trunk_white_env_0
dead_tree_trunk_env_0,3,17.662075,0.913621,0.100586,dead_tree_trunk_white_env_0
dead_tree_trunk_env_0,4,17.525749,0.912403,0.102539,dead_tree_trunk_white_env_0
dead_tree_trunk_env_0,5,17.444004,0.911704,0.104004,dead_tree_trunk_white_env_0
dead_tree_trunk_env_0,6,16.865345,0.906367,0.122070,dead_tree_trunk_white_env_0
dead_tree_trunk_env_0,7,16.986607,0.907865,0.132812,dead_tree_trunk_white_env_0
dead_tree_trunk_env_0,8,17.090340,0.909113,0.132812,dead_tree_trunk_white_env_0
dead_tree_trunk_env_0,9,17.123676,0.909409,0.133789,dead_tree_trunk_white_env_0
dead_tree_trunk_env_0,10,17.142494,0.909303,0.133789,dead_tree_trunk_white_env_0
dead_tree_trunk_env_0,11,16.986607,0.907865,0.132812,dead_tree_trunk_white_env_0
dead_tree_trunk_env_0,12,17.126465,0.909389,0.133789,dead_tree_trunk_white_env_0
dead_tree_trunk_env_0,13,16.986607,0.907865,0.132812,dead_tree_trunk_white_env_0
dead_tree_trunk_env_0,14,16.986607,0.907865,0.132812,dead_tree_trunk_white_env_0
dead_tree_trunk_env_0,15,16.986607,0.907865,0.132812,dead_tree_trunk_white_env_0
dead_tree_trunk_env_0,16,16.986607,0.907865,0.132812,dead_tree_trunk_white_env_0
dead_tree_trunk_env_0,17,17.152786,0.909194,0.134766,dead_tree_trunk_white_env_0
dead_tree_trunk_env_0,18,17.046520,0.908116,0.143555,dead_tree_trunk_white_env_0
dead_tree_trunk_env_0,19,17.018211,0.906961,0.163086,dead_tree_trunk_white_env_0
sofa_03_env_2,0,23.997280,0.923481,0.061035,sofa_03_env_0
sofa_03_env_2,1,23.997280,0.923481,0.061035,sofa_03_env_0
sofa_03_env_2,2,23.997280,0.923481,0.061035,sofa_03_env_0
sofa_03_env_2,3,23.997280,0.923481,0.061035,sofa_03_env_0
sofa_03_env_2,4,23.997280,0.923481,0.061035,sofa_03_env_0
sofa_03_env_2,5,23.997280,0.923481,0.061035,sofa_03_env_0
sofa_03_env_2,6,23.997280,0.923481,0.061035,sofa_03_env_0
sofa_03_env_2,7,23.832607,0.921813,0.062988,sofa_03_env_0
sofa_03_env_2,8,23.790459,0.921341,0.063477,sofa_03_env_0
sofa_03_env_2,9,23.784941,0.921439,0.063965,sofa_03_env_0
sofa_03_env_2,10,23.458565,0.917285,0.069336,sofa_03_env_0
sofa_03_env_2,11,22.709116,0.908214,0.075195,sofa_03_env_0
sofa_03_env_2,12,22.251183,0.903325,0.078125,sofa_03_env_0
sofa_03_env_2,13,23.458565,0.917285,0.069336,sofa_03_env_0
sofa_03_env_2,14,20.338627,0.884970,0.091309,sofa_03_env_0
sofa_03_env_2,15,17.251663,0.859335,0.108887,sofa_03_env_0
sofa_03_env_2,16,20.338627,0.884970,0.091309,sofa_03_env_0
sofa_03_env_2,17,20.338627,0.884970,0.091309,sofa_03_env_0
sofa_03_env_2,18,16.983250,0.857377,0.111328,sofa_03_env_0
sofa_03_env_2,19,20.338627,0.884970,0.091309,sofa_03_env_0
sofa_03_env_2,0,21.997181,0.908937,0.075195,sofa_03_env_1
sofa_03_env_2,1,21.997181,0.908937,0.075195,sofa_03_env_1
sofa_03_env_2,2,21.997181,0.908937,0.075195,sofa_03_env_1
sofa_03_env_2,3,21.685392,0.906579,0.078125,sofa_03_env_1
sofa_03_env_2,4,21.997181,0.908937,0.075195,sofa_03_env_1
sofa_03_env_2,5,21.997181,0.908937,0.075195,sofa_03_env_1
sofa_03_env_2,6,21.997181,0.908937,0.075195,sofa_03_env_1
sofa_03_env_2,7,21.195946,0.902081,0.081543,sofa_03_env_1
sofa_03_env_2,8,20.610325,0.897184,0.083984,sofa_03_env_1
sofa_03_env_2,9,21.997181,0.908937,0.075195,sofa_03_env_1
sofa_03_env_2,10,20.603626,0.897037,0.084473,sofa_03_env_1
sofa_03_env_2,11,21.997181,0.908937,0.075195,sofa_03_env_1
sofa_03_env_2,12,20.092800,0.893515,0.087891,sofa_03_env_1
sofa_03_env_2,13,16.791821,0.862542,0.112793,sofa_03_env_1
sofa_03_env_2,14,16.067719,0.854820,0.123535,sofa_03_env_1
sofa_03_env_2,15,15.644331,0.849609,0.130859,sofa_03_env_1
sofa_03_env_2,16,15.404109,0.846037,0.136719,sofa_03_env_1
sofa_03_env_2,17,14.541849,0.835443,0.155273,sofa_03_env_1
sofa_03_env_2,18,14.541849,0.835443,0.155273,sofa_03_env_1
sofa_03_env_2,19,14.222486,0.835475,0.168945,sofa_03_env_1
sofa_03_env_2,0,15.736687,0.845348,0.149414,sofa_03_white_env_0
sofa_03_env_2,1,15.736687,0.845348,0.149414,sofa_03_white_env_0
sofa_03_env_2,2,15.736687,0.845348,0.149414,sofa_03_white_env_0
sofa_03_env_2,3,15.736687,0.845348,0.149414,sofa_03_white_env_0
sofa_03_env_2,4,15.736687,0.845348,0.149414,sofa_03_white_env_0
sofa_03_env_2,5,15.736687,0.845348,0.149414,sofa_03_white_env_0
sofa_03_env_2,6,15.768463,0.847131,0.151367,sofa_03_white_env_0
sofa_03_env_2,7,15.736687,0.845348,0.149414,sofa_03_white_env_0
sofa_03_env_2,8,15.736687,0.845348,0.149414,sofa_03_white_env_0
sofa_03_env_2,9,15.805136,0.848336,0.152344,sofa_03_white_env_0
sofa_03_env_2,10,16.041935,0.856361,0.161133,sofa_03_white_env_0
sofa_03_env_2,11,16.041935,0.856361,0.161133,sofa_03_white_env_0
sofa_03_env_2,12,15.829118,0.851997,0.168945,sofa_03_white_env_0
sofa_03_env_2,13,15.641751,0.848889,0.175781,sofa_03_white_env_0
sofa_03_env_2,14,15.527720,0.847116,0.179688,sofa_03_white_env_0
sofa_03_env_2,15,15.430365,0.845688,0.184570,sofa_03_white_env_0
sofa_03_env_2,16,15.345447,0.843911,0.190430,sofa_03_white_env_0
sofa_03_env_2,17,15.254304,0.841993,0.197266,sofa_03_white_env_0
sofa_03_env_2,18,14.514313,0.829000,0.230469,sofa_03_white_env_0
sofa_03_env_2,19,14.514313,0.829000,0.230469,sofa_03_white_env_0
carrot_cake_env_0,0,27.207066,0.849232,0.102539,carrot_cake_env_1
carrot_cake_env_0,1,27.207066,0.849232,0.102539,carrot_cake_env_1
carrot_cake_env_0,2,27.207066,0.849232,0.102539,carrot_cake_env_1
carrot_cake_env_0,3,27.170994,0.848865,0.102539,carrot_cake_env_1
carrot_cake_env_0,4,26.632156,0.844460,0.104004,carrot_cake_env_1
carrot_cake_env_0,5,26.632156,0.844460,0.104004,carrot_cake_env_1
carrot_cake_env_0,6,26.632156,0.844460,0.104004,carrot_cake_env_1
carrot_cake_env_0,7,26.632156,0.844460,0.104004,carrot_cake_env_1
carrot_cake_env_0,8,26.632156,0.844460,0.104004,carrot_cake_env_1
carrot_cake_env_0,9,26.632156,0.844460,0.104004,carrot_cake_env_1
carrot_cake_env_0,10,26.632156,0.844460,0.104004,carrot_cake_env_1
carrot_cake_env_0,11,26.632156,0.844460,0.104004,carrot_cake_env_1
carrot_cake_env_0,12,26.632156,0.844460,0.104004,carrot_cake_env_1
carrot_cake_env_0,13,26.344316,0.841034,0.107422,carrot_cake_env_1
carrot_cake_env_0,14,25.955473,0.834091,0.112793,carrot_cake_env_1
carrot_cake_env_0,15,18.073345,0.713758,0.166016,carrot_cake_env_1
carrot_cake_env_0,16,16.354509,0.685098,0.190430,carrot_cake_env_1
carrot_cake_env_0,17,14.075956,0.664314,0.228516,carrot_cake_env_1
carrot_cake_env_0,18,13.438967,0.658403,0.243164,carrot_cake_env_1
carrot_cake_env_0,19,12.369631,0.650190,0.267578,carrot_cake_env_1
carrot_cake_env_0,0,12.402648,0.661568,0.275391,carrot_cake_env_2
carrot_cake_env_0,1,12.402648,0.661568,0.275391,carrot_cake_env_2
carrot_cake_env_0,2,12.402648,0.661568,0.275391,carrot_cake_env_2
carrot_cake_env_0,3,12.402648,0.661568,0.275391,carrot_cake_env_2
carrot_cake_env_0,4,12.346035,0.661964,0.277344,carrot_cake_env_2
carrot_cake_env_0,5,12.402648,0.661568,0.275391,carrot_cake_env_2
carrot_cake_env_0,6,12.402648,0.661568,0.275391,carrot_cake_env_2
carrot_cake_env_0,7,12.402648,0.661568,0.275391,carrot_cake_env_2
carrot_cake_env_0,8,12.402648,0.661568,0.275391,carrot_cake_env_2
carrot_cake_env_0,9,12.402648,0.661568,0.275391,carrot_cake_env_2
carrot_cake_env_0,10,12.402648,0.661568,0.275391,carrot_cake_env_2
carrot_cake_env_0,11,12.211807,0.662409,0.281250,carrot_cake_env_2
carrot_cake_env_0,12,12.402648,0.661568,0.275391,carrot_cake_env_2
carrot_cake_env_0,13,12.402648,0.661568,0.275391,carrot_cake_env_2
carrot_cake_env_0,14,12.149491,0.662559,0.283203,carrot_cake_env_2
carrot_cake_env_0,15,11.967247,0.663451,0.291016,carrot_cake_env_2
carrot_cake_env_0,16,11.832456,0.663957,0.294922,carrot_cake_env_2
carrot_cake_env_0,17,12.402648,0.661568,0.275391,carrot_cake_env_2
carrot_cake_env_0,18,12.402648,0.661568,0.275391,carrot_cake_env_2
carrot_cake_env_0,19,12.402648,0.661568,0.275391,carrot_cake_env_2
carrot_cake_env_0,0,14.386106,0.680696,0.267578,carrot_cake_white_env_0
carrot_cake_env_0,1,14.386106,0.680696,0.267578,carrot_cake_white_env_0
carrot_cake_env_0,2,14.386106,0.680696,0.267578,carrot_cake_white_env_0
carrot_cake_env_0,3,14.386106,0.680696,0.267578,carrot_cake_white_env_0
carrot_cake_env_0,4,14.386106,0.680696,0.267578,carrot_cake_white_env_0
carrot_cake_env_0,5,14.386106,0.680696,0.267578,carrot_cake_white_env_0
carrot_cake_env_0,6,14.328008,0.682479,0.269531,carrot_cake_white_env_0
carrot_cake_env_0,7,14.386106,0.680696,0.267578,carrot_cake_white_env_0
carrot_cake_env_0,8,14.058165,0.690376,0.281250,carrot_cake_white_env_0
carrot_cake_env_0,9,13.895649,0.693435,0.285156,carrot_cake_white_env_0
carrot_cake_env_0,10,14.058165,0.690376,0.281250,carrot_cake_white_env_0
carrot_cake_env_0,11,14.058165,0.690376,0.281250,carrot_cake_white_env_0
carrot_cake_env_0,12,13.490522,0.695317,0.300781,carrot_cake_white_env_0
carrot_cake_env_0,13,13.258606,0.694283,0.318359,carrot_cake_white_env_0
carrot_cake_env_0,14,13.490522,0.695317,0.300781,carrot_cake_white_env_0
carrot_cake_env_0,15,13.490522,0.695317,0.300781,carrot_cake_white_env_0
carrot_cake_env_0,16,13.222469,0.694124,0.322266,carrot_cake_white_env_0
carrot_cake_env_0,17,13.063457,0.693256,0.335938,carrot_cake_white_env_0
carrot_cake_env_0,18,12.952778,0.691832,0.349609,carrot_cake_white_env_0
carrot_cake_env_0,19,12.654372,0.686576,0.382812,carrot_cake_white_env_0
ceramic_vase_01_env_2,0,20.550316,0.914468,0.092285,ceramic_vase_01_env_0
ceramic_vase_01_env_2,1,20.550316,0.914468,0.092285,ceramic_vase_01_env_0
ceramic_vase_01_env_2,2,20.550316,0.914468,0.092285,ceramic_vase_01_env_0
ceramic_vase_01_env_2,3,20.361101,0.912816,0.093262,ceramic_vase_01_env_0
ceramic_vase_01_env_2,4,20.550316,0.914468,0.092285,ceramic_vase_01_env_0
ceramic_vase_01_env_2,5,20.550316,0.914468,0.092285,ceramic_vase_01_env_0
ceramic_vase_01_env_2,6,20.213057,0.911080,0.095215,ceramic_vase_01_env_0
ceramic_vase_01_env_2,7,20.112843,0.910809,0.096191,ceramic_vase_01_env_0
ceramic_vase_01_env_2,8,20.550316,0.914468,0.092285,ceramic_vase_01_env_0
ceramic_vase_01_env_2,9,20.550316,0.914468,0.092285,ceramic_vase_01_env_0
ceramic_vase_01_env_2,10,20.550316,0.914468,0.092285,ceramic_vase_01_env_0
ceramic_vase_01_env_2,11,20.018526,0.909969,0.097656,ceramic_vase_01_env_0
ceramic_vase_01_env_2,12,19.849384,0.910665,0.100098,ceramic_vase_01_env_0
ceramic_vase_01_env_2,13,19.733252,0.909856,0.103516,ceramic_vase_01_env_0
ceramic_vase_01_env_2,14,20.550316,0.914468,0.092285,ceramic_vase_01_env_0
ceramic_vase_01_env_2,15,20.550316,0.914468,0.092285,ceramic_vase_01_env_0
ceramic_vase_01_env_2,16,19.894226,0.910725,0.099609,ceramic_vase_01_env_0
ceramic_vase_01_env_2,17,19.660795,0.911096,0.105469,ceramic_vase_01_env_0
ceramic_vase_01_env_2,18,19.512007,0.911553,0.106445,ceramic_vase_01_env_0
ceramic_vase_01_env_2,19,19.949499,0.888766,0.149414,ceramic_vase_01_env_0
ceramic_vase_01_env_2,0,17.818138,0.896871,0.144531,ceramic_vase_01_env_1
ceramic_vase_01_env_2,1,17.818138,0.896871,0.144531,ceramic_vase_01_env_1
ceramic_vase_01_env_2,2,17.818138,0.896871,0.144531,ceramic_vase_01_env_1
ceramic_vase_01_env_2,3,17.818138,0.896871,0.144531,ceramic_vase_01_env_1
ceramic_vase_01_env_2,4,17.717472,0.894742,0.143555,ceramic_vase_01_env_1
ceramic_vase_01_env_2,5,16.517567,0.864199,0.162109,ceramic_vase_01_env_1
ceramic_vase_01_env_2,6,16.517567,0.864199,0.162109,ceramic_vase_01_env_1
ceramic_vase_01_env_2,7,16.293209,0.859790,0.168945,ceramic_vase_01_env_1
ceramic_vase_01_env_2,8,16.195740,0.858148,0.170898,ceramic_vase_01_env_1
ceramic_vase_01_env_2,9,16.517567,0.864199,0.162109,ceramic_vase_01_env_1
ceramic_vase_01_env_2,10,16.517567,0.864199,0.162109,ceramic_vase_01_env_1
ceramic_vase_01_env_2,11,16.517567,0.864199,0.162109,ceramic_vase_01_env_1
ceramic_vase_01_env_2,12,16.517567,0.864199,0.162109,ceramic_vase_01_env_1
ceramic_vase_01_env_2,13,16.090702,0.856372,0.173828,ceramic_vase_01_env_1
ceramic_vase_01_env_2,14,16.517567,0.864199,0.162109,ceramic_vase_01_env_1
ceramic_vase_01_env_2,15,16.010975,0.855326,0.175781,ceramic_vase_01_env_1
ceramic_vase_01_env_2,16,16.517567,0.864199,0.162109,ceramic_vase_01_env_1
ceramic_vase_01_env_2,17,16.517567,0.864199,0.162109,ceramic_vase_01_env_1
ceramic_vase_01_env_2,18,15.882544,0.853901,0.178711,ceramic_vase_01_env_1
ceramic_vase_01_env_2,19,15.382187,0.841062,0.214844,ceramic_vase_01_env_1
ceramic_vase_01_env_2,0,19.933640,0.888075,0.179688,ceramic_vase_01_white_env_0
ceramic_vase_01_env_2,1,19.933640,0.888075,0.179688,ceramic_vase_01_white_env_0
ceramic_vase_01_env_2,2,19.933640,0.888075,0.179688,ceramic_vase_01_white_env_0
ceramic_vase_01_env_2,3,19.933640,0.888075,0.179688,ceramic_vase_01_white_env_0
ceramic_vase_01_env_2,4,19.933640,0.888075,0.179688,ceramic_vase_01_white_env_0
ceramic_vase_01_env_2,5,19.933640,0.888075,0.179688,ceramic_vase_01_white_env_0
ceramic_vase_01_env_2,6,20.784519,0.893278,0.181641,ceramic_vase_01_white_env_0
ceramic_vase_01_env_2,7,21.055477,0.894786,0.184570,ceramic_vase_01_white_env_0
ceramic_vase_01_env_2,8,19.933640,0.888075,0.179688,ceramic_vase_01_white_env_0
ceramic_vase_01_env_2,9,19.933640,0.888075,0.179688,ceramic_vase_01_white_env_0
ceramic_vase_01_env_2,10,21.084631,0.897381,0.220703,ceramic_vase_01_white_env_0
ceramic_vase_01_env_2,11,20.674522,0.900287,0.267578,ceramic_vase_01_white_env_0
ceramic_vase_01_env_2,12,20.674522,0.900287,0.267578,ceramic_vase_01_white_env_0
ceramic_vase_01_env_2,13,19.874004,0.899661,0.310547,ceramic_vase_01_white_env_0
ceramic_vase_01_env_2,14,20.674522,0.900287,0.267578,ceramic_vase_01_white_env_0
ceramic_vase_01_env_2,15,19.726479,0.898848,0.316406,ceramic_vase_01_white_env_0
ceramic_vase_01_env_2,16,20.674522,0.900287,0.267578,ceramic_vase_01_white_env_0
ceramic_vase_01_env_2,17,19.612652,0.898083,0.318359,ceramic_vase_01_white_env_0
ceramic_vase_01_env_2,18,19.315985,0.894938,0.330078,ceramic_vase_01_white_env_0
ceramic_vase_01_env_2,19,19.256254,0.892986,0.335938,ceramic_vase_01_white_env_0
ship_pinnace_env_0,0,inf,1.000000,0.000000,ship_pinnace_env_1
ship_pinnace_env_0,1,inf,1.000000,0.000000,ship_pinnace_env_1
ship_pinnace_env_0,2,inf,1.000000,0.000000,ship_pinnace_env_1
ship_pinnace_env_0,3,inf,1.000000,0.000000,ship_pinnace_env_1
ship_pinnace_env_0,4,inf,1.000000,0.000000,ship_pinnace_env_1
ship_pinnace_env_0,5,inf,1.000000,0.000000,ship_pinnace_env_1
ship_pinnace_env_0,6,inf,1.000000,0.000000,ship_pinnace_env_1
ship_pinnace_env_0,7,inf,1.000000,0.000000,ship_pinnace_env_1
ship_pinnace_env_0,8,inf,1.000000,0.000000,ship_pinnace_env_1
ship_pinnace_env_0,9,inf,1.000000,0.000000,ship_pinnace_env_1
ship_pinnace_env_0,10,inf,1.000000,0.000000,ship_pinnace_env_1
ship_pinnace_env_0,11,inf,1.000000,0.000000,ship_pinnace_env_1
ship_pinnace_env_0,12,inf,1.000000,0.000000,ship_pinnace_env_1
ship_pinnace_env_0,13,inf,1.000000,0.000000,ship_pinnace_env_1
ship_pinnace_env_0,14,88.956398,0.999987,0.000081,ship_pinnace_env_1
ship_pinnace_env_0,15,76.807693,0.999879,0.002121,ship_pinnace_env_1
ship_pinnace_env_0,16,88.956398,0.999987,0.000081,ship_pinnace_env_1
ship_pinnace_env_0,17,88.956398,0.999987,0.000081,ship_pinnace_env_1
ship_pinnace_env_0,18,74.977875,0.999802,0.004974,ship_pinnace_env_1
ship_pinnace_env_0,19,88.956398,0.999987,0.000081,ship_pinnace_env_1
ship_pinnace_env_0,0,inf,0.999998,0.000006,ship_pinnace_env_2
ship_pinnace_env_0,1,inf,0.999998,0.000006,ship_pinnace_env_2
ship_pinnace_env_0,2,inf,0.999998,0.000006,ship_pinnace_env_2
ship_pinnace_env_0,3,inf,0.999998,0.000006,ship_pinnace_env_2
ship_pinnace_env_0,4,inf,0.999998,0.000006,ship_pinnace_env_2
ship_pinnace_env_0,5,inf,0.999998,0.000006,ship_pinnace_env_2
ship_pinnace_env_0,6,inf,0.999998,0.000006,ship_pinnace_env_2
ship_pinnace_env_0,7,inf,0.999998,0.000006,ship_pinnace_env_2
ship_pinnace_env_0,8,inf,0.999997,0.000013,ship_pinnace_env_2
ship_pinnace_env_0,9,inf,0.999996,0.000016,ship_pinnace_env_2
ship_pinnace_env_0,10,inf,0.999996,0.000018,ship_pinnace_env_2
ship_pinnace_env_0,11,inf,0.999996,0.000017,ship_pinnace_env_2
ship_pinnace_env_0,12,84.345856,0.999985,0.000168,ship_pinnace_env_2
ship_pinnace_env_0,13,84.345856,0.999985,0.000168,ship_pinnace_env_2
ship_pinnace_env_0,14,79.472244,0.999937,0.000965,ship_pinnace_env_2
ship_pinnace_env_0,15,84.345856,0.999985,0.000168,ship_pinnace_env_2
ship_pinnace_env_0,16,73.245331,0.999540,0.013184,ship_pinnace_env_2
ship_pinnace_env_0,17,73.245331,0.999540,0.013184,ship_pinnace_env_2
ship_pinnace_env_0,18,73.245331,0.999540,0.013184,ship_pinnace_env_2
ship_pinnace_env_0,19,64.083244,0.997056,0.033203,ship_pinnace_env_2
ship_pinnace_env_0,0,76.264290,0.999677,0.011719,ship_pinnace_white_env_0
ship_pinnace_env_0,1,76.264290,0.999677,0.011719,ship_pinnace_white_env_0
ship_pinnace_env_0,2,76.264290,0.999677,0.011719,ship_pinnace_white_env_0
ship_pinnace_env_0,3,76.264290,0.999677,0.011719,ship_pinnace_white_env_0
ship_pinnace_env_0,4,76.264290,0.999677,0.011719,ship_pinnace_white_env_0
ship_pinnace_env_0,5,76.264290,0.999677,0.011719,ship_pinnace_white_env_0
ship_pinnace_env_0,6,74.761894,0.999591,0.015625,ship_pinnace_white_env_0
ship_pinnace_env_0,7,64.438446,0.999441,0.018921,ship_pinnace_white_env_0
ship_pinnace_env_0,8,63.130142,0.999318,0.020874,ship_pinnace_white_env_0
ship_pinnace_env_0,9,64.438446,0.999441,0.018921,ship_pinnace_white_env_0
ship_pinnace_env_0,10,64.438446,0.999441,0.018921,ship_pinnace_white_env_0
ship_pinnace_env_0,11,62.429024,0.999261,0.021729,ship_pinnace_white_env_0
ship_pinnace_env_0,12,64.438446,0.999441,0.018921,ship_pinnace_white_env_0
ship_pinnace_env_0,13,57.746849,0.998816,0.029297,ship_pinnace_white_env_0
ship_pinnace_env_0,14,57.746849,0.998816,0.029297,ship_pinnace_white_env_0
ship_pinnace_env_0,15,53.678154,0.998159,0.040283,ship_pinnace_white_env_0
ship_pinnace_env_0,16,51.402634,0.997185,0.052246,ship_pinnace_white_env_0
ship_pinnace_env_0,17,57.746849,0.998816,0.029297,ship_pinnace_white_env_0
ship_pinnace_env_0,18,50.319111,0.996157,0.059814,ship_pinnace_white_env_0
ship_pinnace_env_0,19,44.602760,0.984708,0.108887,ship_pinnace_white_env_0
baseball_bat_env_2,0,38.209103,0.994602,0.007599,baseball_bat_env_0
baseball_bat_env_2,1,38.209103,0.994602,0.007599,baseball_bat_env_0
baseball_bat_env_2,2,38.209103,0.994602,0.007599,baseball_bat_env_0
baseball_bat_env_2,3,38.199615,0.994549,0.007690,baseball_bat_env_0
baseball_bat_env_2,4,38.209103,0.994602,0.007599,baseball_bat_env_0
baseball_bat_env_2,5,38.209103,0.994602,0.007599,baseball_bat_env_0
baseball_bat_env_2,6,38.192589,0.994506,0.007751,baseball_bat_env_0
baseball_bat_env_2,7,38.006783,0.994205,0.008667,baseball_bat_env_0
baseball_bat_env_2,8,38.006783,0.994205,0.008667,baseball_bat_env_0
baseball_bat_env_2,9,37.929665,0.994171,0.008972,baseball_bat_env_0
baseball_bat_env_2,10,38.006783,0.994205,0.008667,baseball_bat_env_0
baseball_bat_env_2,11,38.006783,0.994205,0.008667,baseball_bat_env_0
baseball_bat_env_2,12,38.006783,0.994205,0.008667,baseball_bat_env_0
baseball_bat_env_2,13,38.006783,0.994205,0.008667,baseball_bat_env_0
baseball_bat_env_2,14,38.006783,0.994205,0.008667,baseball_bat_env_0
baseball_bat_env_2,15,38.006783,0.994205,0.008667,baseball_bat_env_0
baseball_bat_env_2,16,38.006783,0.994205,0.008667,baseball_bat_env_0
baseball_bat_env_2,17,37.798172,0.994119,0.009277,baseball_bat_env_0
baseball_bat_env_2,18,28.763618,0.968650,0.027100,baseball_bat_env_0
baseball_bat_env_2,19,28.763618,0.968650,0.027100,baseball_bat_env_0
baseball_bat_env_2,0,29.160824,0.971714,0.024902,baseball_bat_env_1
baseball_bat_env_2,1,28.858341,0.970498,0.025635,baseball_bat_env_1
baseball_bat_env_2,2,29.160824,0.971714,0.024902,baseball_bat_env_1
baseball_bat_env_2,3,19.947445,0.934398,0.052002,baseball_bat_env_1
baseball_bat_env_2,4,19.947445,0.934398,0.052002,baseball_bat_env_1
baseball_bat_env_2,5,19.947445,0.934398,0.052002,baseball_bat_env_1
baseball_bat_env_2,6,19.947445,0.934398,0.052002,baseball_bat_env_1
baseball_bat_env_2,7,19.947445,0.934398,0.052002,baseball_bat_env_1
baseball_bat_env_2,8,19.947445,0.934398,0.052002,baseball_bat_env_1
baseball_bat_env_2,9,19.947445,0.934398,0.052002,baseball_bat_env_1
baseball_bat_env_2,10,19.451052,0.932167,0.054443,baseball_bat_env_1
baseball_bat_env_2,11,19.213303,0.931045,0.055664,baseball_bat_env_1
baseball_bat_env_2,12,19.947445,0.934398,0.052002,baseball_bat_env_1
baseball_bat_env_2,13,19.293112,0.931448,0.055176,baseball_bat_env_1
baseball_bat_env_2,14,19.947445,0.934398,0.052002,baseball_bat_env_1
baseball_bat_env_2,15,19.204481,0.930973,0.055908,baseball_bat_env_1
baseball_bat_env_2,16,18.817776,0.928696,0.059082,baseball_bat_env_1
baseball_bat_env_2,17,18.528318,0.926874,0.062988,baseball_bat_env_1
baseball_bat_env_2,18,18.247845,0.924946,0.066895,baseball_bat_env_1
baseball_bat_env_2,19,18.025833,0.922890,0.068848,baseball_bat_env_1
